tag_id,image_id,p1_x,p_1y, p2_x, p2_y, p3_x, p3_y, p4_x, p4_y,general_class,sub_class,sunroof,luggage_carrier,open_cargo_area,enclosed_cab,spare_wheel,wrecked,flatbed,ladder,enclosed_box,soft_shell_box,harnessed_to_a_cart,ac_vents,color
16987,15318,3849.886719,70.85817719,3863.135742,65.217453,3883.113281,112.1418228,3869.864258,117.782547,small vehicle,sedan,1,0,0,0,0,0,-1,-1,-1,-1,-1,-1,white
25239,17048,653.0556641,270.0662231,648.0998535,244.1355591,711.9443359,231.9337616,716.9001465,257.8644409,small vehicle,sedan,0,0,0,0,0,0,-1,-1,-1,-1,-1,-1,silver/grey
39554,14255,639.2647095,201.2149963,664.4621582,193.3379517,687.7352905,267.7850037,662.5378418,275.6620483,small vehicle,sedan,0,0,0,0,0,0,-1,-1,-1,-1,-1,-1,silver/grey
21840,17266,3834.14433,621.9017031,3851.807034,609.3959596,3883.361444,645.592523,3865.072296,660.6040404,small vehicle,sedan,0,0,0,0,0,0,-1,-1,-1,-1,-1,-1,red
28058,14204,710.0413208,444.8566284,680.0814819,453.5658569,654.9586792,367.1433716,684.9185181,358.4341431,small vehicle,van,0,0,0,0,0,0,-1,-1,-1,-1,-1,0,white
29142,16259,598.8764038,386.7316589,632.0509644,410.4822998,597.1235962,459.2683411,563.9490356,435.5177002,small vehicle,sedan,0,0,0,0,0,0,-1,-1,-1,-1,-1,-1,black
13104,15850,1663.726685,1772.926025,1668.475098,1756.811157,1720.273315,1772.073975,1715.524902,1788.188843,small vehicle,sedan,0,0,0,0,0,1,-1,-1,-1,-1,-1,-1,white
21336,16375,215.9170685,497.8050537,212.1632996,476.5337219,282.0829468,464.1949463,285.8367004,485.4662781,small vehicle,sedan,0,0,0,0,0,0,-1,-1,-1,-1,-1,-1,white
36022,17591,1033.808789,1276.613146,1025.653106,1313.313721,1041.964473,1315.862372,1048.590965,1280.181258,small vehicle,sedan,0,0,0,0,0,0,-1,-1,-1,-1,-1,-1,white
24527,18909,1291.111897,1013.354097,1288.563246,1050.564403,1300.287041,1052.603323,1303.855152,1017.431939,small vehicle,sedan,0,0,0,0,0,1,-1,-1,-1,-1,-1,-1,white
32790,19531,1429.020142,2105.118164,1442.398315,2091.346191,1478.979858,2126.881836,1465.601685,2140.653809,small vehicle,hatchback,0,0,0,0,0,0,-1,-1,-1,-1,-1,-1,white
18502,16036,504.9343872,577.1514282,483.8938293,582.0355835,468.0656128,513.8485718,489.1061707,508.9644165,small vehicle,hatchback,0,0,0,0,0,0,-1,-1,-1,-1,-1,-1,white
12847,18941,125.3609009,296.2963867,114.4356155,274.9272766,169.6390991,246.7036285,180.5643921,268.0727234,small vehicle,hatchback,0,0,0,0,0,0,-1,-1,-1,-1,-1,-1,black
33700,17756,42.03413391,215.653656,35.74172974,194.990509,96.96586609,176.346344,103.2582703,197.009491,small vehicle,hatchback,0,0,0,0,0,0,-1,-1,-1,-1,-1,-1,red
25770,15443,2197.697021,231.521347,2207.824463,218.1171722,2253.302979,252.478653,2243.175537,265.8828125,small vehicle,pickup,0,1,0,1,0,0,-1,-1,-1,-1,-1,-1,white
39779,15850,3597.766602,977.6772461,3614.140869,973.9191895,3628.233398,1035.322754,3611.859131,1039.080811,small vehicle,van,0,0,0,0,0,0,-1,-1,-1,-1,-1,0,white
39551,15159,870.569519,115.166832,889.2629395,119.548111,874.430481,182.8331604,855.7370605,178.451889,small vehicle,jeep,0,0,0,0,0,0,-1,-1,-1,-1,-1,-1,white
25379,16772,875.213623,381.3736267,896.8018188,380.6592102,898.786377,440.6263733,877.1981812,441.3407898,small vehicle,sedan,0,0,0,0,0,0,-1,-1,-1,-1,-1,-1,silver/grey
34733,19660,390.1711426,452.5092468,378.6034241,434.2678528,420.8288574,407.4907532,432.3965759,425.7321472,small vehicle,jeep,0,0,0,0,0,0,-1,-1,-1,-1,-1,-1,white
28586,13868,156.1395111,436.4282532,182.3368073,433.1629944,191.8604736,509.5717468,165.6631927,512.8370361,small vehicle,minivan,0,0,0,0,0,0,-1,-1,-1,-1,-1,-1,white
29065,10362,686.8613874,1289.918761,685.6278403,1300.403911,717.0832914,1309.655514,722.0174798,1296.70327,small vehicle,sedan,0,0,0,0,0,0,-1,-1,-1,-1,-1,-1,black
35225,11246,763.0626221,422.4856262,767.9494629,391.6707153,848.9373779,404.5143738,844.0505371,435.3292847,small vehicle,jeep,1,0,0,0,0,0,-1,-1,-1,-1,-1,-1,silver/grey
39116,10875,666.5103149,439.7958679,655.9979858,410.4201965,712.489624,390.2041321,723.0020142,419.5798035,small vehicle,hatchback,0,0,0,0,0,0,-1,-1,-1,-1,-1,-1,black
38069,18330,811.414978,325.911377,832.8869629,323.5628967,841.585022,403.088623,820.1130371,405.4371033,small vehicle,jeep,1,0,0,0,0,0,-1,-1,-1,-1,-1,-1,silver/grey
32068,15402,2192.75293,1846.529663,2190.585693,1827.452393,2243.24707,1821.470337,2245.414307,1840.547607,small vehicle,sedan,0,0,0,0,0,0,-1,-1,-1,-1,-1,-1,white
34913,15844,645.0878296,372.1646729,622.7219849,358.1386719,659.9121704,298.8353271,682.2780151,312.8613586,small vehicle,sedan,0,0,0,0,0,0,-1,-1,-1,-1,-1,-1,white
29522,14492,127.5475922,56.62028503,148.9836578,53.96411896,158.4523926,130.379715,137.0163422,133.0358887,small vehicle,sedan,0,0,0,0,0,0,-1,-1,-1,-1,-1,-1,silver/grey
16715,18132,444.4817505,305.2113647,467.9727173,300.2945557,482.5182495,369.7886353,459.0272827,374.7054443,small vehicle,jeep,0,0,0,0,0,0,-1,-1,-1,-1,-1,-1,white
12957,16699,181.6151123,105.5491867,159.7876587,95.57111359,191.3848877,26.45082092,213.2123413,36.42889404,small vehicle,sedan,0,0,0,0,0,0,-1,-1,-1,-1,-1,-1,white
25487,13309,355.032682,714.1315143,371.5578752,754.5264311,357.7868809,760.0348288,341.2616876,718.7218458,small vehicle,sedan,0,0,0,0,0,0,-1,-1,-1,-1,-1,-1,silver/grey
13290,14550,219.6529541,43.25379181,201.7328491,50.14651871,182.3470459,-0.253787994,200.2671509,-7.146514416,small vehicle,sedan,0,0,0,0,0,0,-1,-1,-1,-1,-1,-1,other
37419,15879,376.5012207,524.6195068,409.8905945,520.8632202,418.4987793,597.3804932,385.1094055,601.1367798,small vehicle,sedan,0,0,0,0,0,0,-1,-1,-1,-1,-1,-1,red
29943,18229,384.6097412,298.8574219,402.9892883,293.3047485,424.3902588,364.1425781,406.0107117,369.6952515,small vehicle,sedan,0,0,0,0,0,0,-1,-1,-1,-1,-1,-1,silver/grey
26258,17591,1876.508289,407.0638011,1886.606179,408.1924135,1875.789518,439.4466524,1865.30866,434.4883615,small vehicle,sedan,0,0,0,0,0,0,-1,-1,-1,-1,-1,-1,yellow
31019,14016,311.2932434,466.3138123,324.1730042,472.7536926,302.7067566,515.6861572,289.8269958,509.2463074,small vehicle,hatchback,0,0,0,0,0,1,-1,-1,-1,-1,-1,-1,white
28995,15811,645.4951782,62.73381805,647.8947754,41.26751328,710.5048218,48.26618195,708.1052246,69.73249054,small vehicle,hatchback,0,0,0,0,0,0,-1,-1,-1,-1,-1,-1,green
24361,19531,752.473938,932.461853,773.6994629,928.4570313,783.526062,980.538147,762.3005371,984.5429688,small vehicle,sedan,0,0,0,0,0,0,-1,-1,-1,-1,-1,-1,blue
15365,18470,532.8997803,505.8460999,514.3831787,500.7689819,532.1002197,436.1539001,550.6168213,441.2310181,small vehicle,minivan,0,0,0,0,0,0,-1,-1,-1,-1,-1,-1,blue
17772,10780,157.1198852,1294.660737,155.2050459,1302.703062,178.9490526,1319.553648,183.5446668,1308.44758,small vehicle,sedan,0,0,0,0,0,1,-1,-1,-1,-1,-1,-1,other
12522,15318,70.91983032,1104.125732,60.99320984,1087.690918,102.0801697,1062.874268,112.0067902,1079.309082,small vehicle,hatchback,0,0,0,0,0,0,-1,-1,-1,-1,-1,-1,blue
18435,19660,801.2023315,1182.845581,813.5216064,1171.422974,844.7976685,1205.154419,832.4783936,1216.577026,small vehicle,sedan,0,0,0,0,0,0,-1,-1,-1,-1,-1,-1,silver/grey
27824,17591,1913.277763,520.963254,1932.341672,545.0734928,1941.873627,536.1022412,1923.370421,512.5527056,small vehicle,sedan,0,0,0,0,0,0,-1,-1,-1,-1,-1,-1,black
24230,11082,494.7686462,151.0319519,521.1015625,149.1510315,526.2313232,220.9680481,499.8984375,222.8489685,small vehicle,sedan,0,0,0,0,0,0,-1,-1,-1,-1,-1,-1,white
11934,13856,671.1322021,464.3317871,691.8594971,458.2539978,709.8677979,519.6682129,689.1405029,525.7459717,small vehicle,hatchback,0,0,0,0,0,0,-1,-1,-1,-1,-1,-1,white
13523,13038,701.8790894,298.6051636,698.2865601,279.7442627,763.1209106,267.3948364,766.7134399,286.2557373,small vehicle,sedan,0,0,0,0,0,0,-1,-1,-1,-1,-1,-1,red
26574,19660,1941.506592,1926.374878,1956.181396,1907.384033,2000.493408,1941.625122,1985.818604,1960.615967,small vehicle,sedan,0,0,0,0,0,0,-1,-1,-1,-1,-1,-1,white
13541,11213,211.7946777,362.8903198,228.1773682,342.1884766,286.2053223,388.1096802,269.8226318,408.8115234,small vehicle,sedan,0,0,0,0,0,0,-1,-1,-1,-1,-1,-1,silver/grey
19814,11418,764.1872559,589.9096069,771.399353,564.5137939,836.8127441,583.0903931,829.600647,608.4862061,small vehicle,sedan,0,0,0,0,0,0,-1,-1,-1,-1,-1,-1,black
30778,17699,432.2991333,182.1862488,444.1055603,180.0396271,457.7008667,254.8137512,445.8944397,256.9603882,small vehicle,sedan,0,0,0,0,0,0,-1,-1,-1,-1,-1,-1,white
20236,14662,545.9336548,408.0235291,568.8032227,400.7445984,593.0663452,476.9764709,570.1967773,484.2554321,small vehicle,pickup,0,0,1,0,0,0,-1,-1,-1,-1,-1,-1,blue
18309,13124,2674.266113,962.2999268,2685.89209,977.579834,2639.733887,1012.700073,2628.10791,997.420166,small vehicle,pickup,0,0,1,0,0,0,-1,-1,-1,-1,-1,-1,white
13930,19531,1961.506607,620.4703561,1959.623982,639.767262,2019.867981,637.884637,2020.338637,618.5877312,small vehicle,jeep,0,0,0,0,1,0,-1,-1,-1,-1,-1,-1,red
27143,17995,347.0797729,145.5691833,325.4802246,145.4294128,325.9202271,77.43082428,347.5197754,77.57060242,small vehicle,sedan,0,0,0,0,0,0,-1,-1,-1,-1,-1,-1,red
23795,13570,333.0385437,346.8925781,323.3791199,330.2993469,376.9614258,299.1074219,386.6208801,315.7006531,small vehicle,hatchback,0,0,0,0,0,0,-1,-1,-1,-1,-1,-1,white
16232,10493,1476.59668,951.3518677,1487.209229,932.5386963,1526.40332,954.6481323,1515.790771,973.4613037,small vehicle,sedan,0,0,0,0,0,0,-1,-1,-1,-1,-1,-1,black
35940,14492,342.3622437,327.9654846,360.2110901,320.8902588,385.6377563,385.0345154,367.7889099,392.1097412,small vehicle,jeep,0,0,0,0,0,0,-1,-1,-1,-1,-1,-1,white
13051,13124,3421.458496,414.2009277,3430.689941,433.7289124,3375.541504,459.7990723,3366.310059,440.2710876,small vehicle,sedan,0,0,0,0,0,0,-1,-1,-1,-1,-1,-1,yellow
29979,12070,1657.920654,755.0286255,1673.684326,744.067627,1709.079346,794.9713745,1693.315674,805.932373,small vehicle,sedan,1,0,0,0,0,0,-1,-1,-1,-1,-1,-1,black
12026,15641,563.0454712,488.943512,545.8724976,454.5975037,612.9545288,421.056488,630.1275024,455.4024963,small vehicle,sedan,0,0,0,0,0,0,-1,-1,-1,-1,-1,-1,blue
32266,14978,216.5571594,465.1026001,242.8083191,462.3032837,250.4428406,533.8973999,224.1916656,536.6967163,small vehicle,sedan,0,0,0,0,0,0,-1,-1,-1,-1,-1,-1,silver/grey
10346,13408,388.7384949,528.9277954,411.9026794,522.649292,431.2615051,594.0722046,408.0973206,600.350708,small vehicle,sedan,0,0,0,0,0,0,-1,-1,-1,-1,-1,-1,blue
18821,18606,294.6770325,1974.900146,304.2619019,1964.153442,342.3229675,1998.099854,332.7380981,2008.846558,small vehicle,minivan,0,1,0,0,0,1,-1,-1,-1,-1,-1,-1,silver/grey
39086,10322,577.4928589,476.1229858,581.4841309,450.0264282,665.5070801,462.8770142,661.5158691,488.9735718,small vehicle,pickup,0,0,1,0,0,0,-1,-1,-1,-1,-1,-1,white
25371,18531,844.7941991,175.5021048,871.4547485,175.5021048,871.4547485,246.4600093,845.0431468,246.2110617,small vehicle,sedan,0,0,0,0,0,0,-1,-1,-1,-1,-1,-1,white
35914,15873,373.240559,2426.316677,393.008121,2419.256833,410.8930582,2465.381144,392.0668086,2472.440988,small vehicle,sedan,0,0,0,0,0,0,-1,-1,-1,-1,-1,-1,silver/grey
37250,12299,112.0481186,129.502533,88.28195953,132.8446655,78.95188141,66.49746704,102.7180405,63.15534973,small vehicle,sedan,0,0,0,0,0,0,-1,-1,-1,-1,-1,-1,white
24026,14023,61.38728324,278.6705202,80.11560694,220.4046243,105.0867052,226.6473988,85.31791908,286.9942197,small vehicle,hatchback,0,0,0,0,0,0,-1,-1,-1,-1,-1,-1,silver/grey
26503,17988,49.38775253,361.2224731,37.74287415,332.2770691,103.6122437,305.7775269,115.2571182,334.7229309,small vehicle,hatchback,0,0,0,0,0,0,-1,-1,-1,-1,-1,-1,black
23704,14246,573.6516113,3.224848032,592.5089722,-0.386141062,601.3483887,45.7751503,582.4910278,49.38613892,small vehicle,minivan,0,0,0,0,0,0,-1,-1,-1,-1,-1,-1,silver/grey
19490,10547,66.06211853,168.1507568,69.49349976,139.5559082,146.9378967,148.8492432,143.5065002,177.4440918,small vehicle,sedan,0,1,0,0,0,0,-1,-1,-1,-1,-1,-1,white
29903,18565,574.1703491,287.3042603,599.0432129,278.4556274,620.8296509,339.6957397,595.9567871,348.5443726,small vehicle,sedan,0,0,0,0,0,0,-1,-1,-1,-1,-1,-1,black
22848,17783,331.8163452,512.3858643,332.1903381,483.5882568,411.1836548,484.6141663,410.8096924,513.4117432,small vehicle,sedan,0,0,0,0,0,0,-1,-1,-1,-1,-1,-1,white
33459,19531,237.865799,1971.460938,252.3414917,1962.934814,272.1342163,1996.539063,257.6585083,2005.065186,small vehicle,jeep,0,0,0,0,1,0,-1,-1,-1,-1,-1,-1,white
12306,17266,267.5339888,1830.178713,280.4770354,1816.717945,316.199844,1862.277469,304.2922411,1872.114184,small vehicle,sedan,0,0,0,0,0,1,-1,-1,-1,-1,-1,-1,white
17825,13165,251.7043457,586.6356812,269.8973999,574.9921265,282.2956543,594.3643188,264.1026001,606.0079346,small vehicle,sedan,0,0,0,0,0,0,-1,-1,-1,-1,-1,-1,white
23718,16454,632.6585083,589.7851563,608.8358765,592.6975098,600.3414917,523.2148438,624.1641235,520.3024902,small vehicle,sedan,0,0,0,0,0,0,-1,-1,-1,-1,-1,-1,silver/grey
29538,12446,2892.105713,246.9912872,2900.778809,235.49617,2939.894287,265.008728,2931.221191,276.5038452,small vehicle,sedan,0,0,0,0,0,1,-1,-1,-1,-1,-1,-1,white
21523,16798,528.9978436,1560.235485,527.3157339,1570.328143,560.3972243,1582.102911,566.0042566,1569.76744,small vehicle,sedan,0,0,0,0,0,0,-1,-1,-1,-1,-1,-1,white
35878,18703,869.0532227,1555.73291,872.6402588,1541.786865,893.9467773,1547.26709,890.3597412,1561.213135,small vehicle,hatchback,0,0,0,0,0,0,-1,-1,-1,-1,-1,-1,white
24705,17890,760.9899902,467.4342651,782.3577881,464.2753601,792.0100098,529.5657349,770.6422119,532.7246704,small vehicle,sedan,0,0,0,0,0,0,-1,-1,-1,-1,-1,-1,silver/grey
35427,16141,325.2108765,-0.097012162,349.1520996,-1.775641799,352.7891235,50.09701157,328.8479004,51.7756424,small vehicle,sedan,0,0,0,0,0,0,-1,-1,-1,-1,-1,-1,silver/grey
21941,12193,2592.415574,976.2760433,2638.274367,992.1181719,2646.612329,975.4422471,2598.252148,956.2649336,small vehicle,hatchback,0,0,0,0,0,0,-1,-1,-1,-1,-1,-1,other
34290,15959,711.9255981,39.3327179,708.4091187,3.504875183,778.0744019,-3.332717896,781.5908813,32.49512482,small vehicle,hatchback,0,0,0,0,0,0,-1,-1,-1,-1,-1,-1,black
28781,19014,740.9911499,549.3982544,742.0810547,525.4229736,812.0088501,528.6017456,810.9189453,552.5770264,small vehicle,sedan,0,0,0,0,0,0,-1,-1,-1,-1,-1,-1,silver/grey
20882,16454,670.0568237,521.9448242,697.1990967,512.3146973,721.9431763,582.0551758,694.8009033,591.6853027,small vehicle,minivan,0,1,0,0,0,0,-1,-1,-1,-1,-1,-1,white
16326,14858,3107.656982,875.9244995,3117.737061,882.4353638,3106.343018,900.0755005,3096.262939,893.5646362,small vehicle,hatchback,0,0,0,0,0,0,-1,-1,-1,-1,-1,-1,blue
24613,14492,63.37799835,431.4668884,94.56489563,430.5629272,96.62200165,501.5331116,65.43509674,502.4370728,small vehicle,sedan,0,0,0,0,0,0,-1,-1,-1,-1,-1,-1,silver/grey
15257,17371,366.8183594,176.1255951,387.194397,163.4442444,424.1816406,222.8744049,403.805603,235.5557556,small vehicle,hatchback,0,0,0,0,0,0,-1,-1,-1,-1,-1,-1,silver/grey
22338,10098,613.5411377,332.5202942,617.8968506,311.3640137,686.4588623,325.4797058,682.1031494,346.6359863,small vehicle,sedan,0,1,0,0,0,0,-1,-1,-1,-1,-1,-1,silver/grey
39372,16648,542.7636108,389.8783569,571.5334473,391.1971741,568.2363892,463.1216431,539.4665527,461.8028259,small vehicle,sedan,0,0,0,0,0,0,-1,-1,-1,-1,-1,-1,silver/grey
29690,10493,2274.544189,2070.622559,2287.688965,2081.084717,2248.455811,2130.377441,2235.311035,2119.915283,small vehicle,jeep,1,0,0,0,1,0,-1,-1,-1,-1,-1,-1,silver/grey
31712,18606,397.6343905,659.4164034,415.288706,658.2774153,423.8311168,714.6573263,402.7598369,716.3658084,small vehicle,sedan,1,0,0,0,0,0,-1,-1,-1,-1,-1,-1,silver/grey
23680,12758,464.6726685,357.9332886,438.2944946,359.0063477,435.3273315,286.0666809,461.7055054,284.9936218,small vehicle,van,0,0,0,0,0,0,-1,-1,-1,-1,-1,0,white
27475,19998,40.53791046,558.6622925,33.79691315,535.628418,89.46208954,519.3377075,96.20308685,542.371582,small vehicle,hatchback,0,0,0,0,0,0,-1,-1,-1,-1,-1,-1,white
28968,14971,309.0700378,87.47953033,332.7200012,83.39554596,342.9299622,142.5204773,319.2799988,146.6044617,small vehicle,hatchback,0,0,0,0,0,0,-1,-1,-1,-1,-1,-1,silver/grey
19328,19551,454.767334,120.0276642,453.3330688,93.66665649,521.232666,89.97232819,522.6669312,116.3333435,small vehicle,minivan,0,0,0,0,0,0,-1,-1,-1,-1,-1,-1,white
14521,11135,722.1270142,556.8582153,720.93396,528.0829468,791.8730469,525.1417847,793.06604,553.9170532,small vehicle,hatchback,0,1,0,0,0,0,-1,-1,-1,-1,-1,-1,white
26935,11881,208.796524,410.3182068,244.3435669,404.6254578,256.2034912,478.6817932,220.6564331,484.3745728,small vehicle,sedan,0,0,0,0,0,0,-1,-1,-1,-1,-1,-1,green
28128,15037,837.020813,454.5279236,865.1418457,448.3110352,881.979187,524.4721069,853.8581543,530.6889648,small vehicle,sedan,0,0,0,0,0,0,-1,-1,-1,-1,-1,-1,red
13652,12170,1089.545776,1483.653931,1101.289063,1491.987793,1080.454224,1521.346069,1068.710938,1513.012207,small vehicle,hatchback,0,0,0,0,0,1,-1,-1,-1,-1,-1,-1,white
19881,11513,470.0036316,396.0341187,468.1906433,372.1026917,535.9963379,366.9658813,537.8093262,390.8973083,small vehicle,hatchback,0,0,0,0,0,0,-1,-1,-1,-1,-1,-1,blue
27425,15318,3760.571045,301.364502,3769.816895,274.0889893,3830.429199,294.635498,3821.183105,321.9110107,small vehicle,jeep,1,1,0,0,0,0,-1,-1,-1,-1,-1,-1,black
17279,10495,71.7077179,208.8946686,57.72178268,205.4663391,71.2922821,150.1053162,85.27822113,153.5336609,small vehicle,hatchback,0,0,0,0,0,0,-1,-1,-1,-1,-1,-1,other
33423,11550,841.9022217,337.0622253,844.3363037,310.7746582,900.0977783,315.9377747,897.6636963,342.2253418,small vehicle,hatchback,0,0,0,0,0,0,-1,-1,-1,-1,-1,-1,silver/grey
25853,12771,249.3408451,310.4155154,247.0238896,323.8538573,283.1683952,333.1216792,285.9487418,320.1467285,small vehicle,van,0,0,0,0,0,0,-1,-1,-1,-1,-1,0,silver/grey
22146,18084,576.4395142,85.41690063,602.7200928,82.9087677,609.5604858,154.5830994,583.2799072,157.0912323,small vehicle,sedan,0,0,0,0,0,0,-1,-1,-1,-1,-1,-1,silver/grey
28074,12170,893.6087228,1321.84674,861.9106839,1363.881096,878.4487912,1376.973764,910.8359178,1332.872145,small vehicle,hatchback,0,0,0,0,0,1,-1,-1,-1,-1,-1,-1,white
25398,15228,343.0340576,282.7086182,364.9134827,267.9353027,402.9659424,324.2913818,381.0865173,339.0646973,small vehicle,sedan,0,0,0,0,0,0,-1,-1,-1,-1,-1,-1,other
19725,12446,1694.899292,1085.733276,1709.469971,1094.096069,1680.100708,1145.266724,1665.530029,1136.903931,small vehicle,hatchback,0,0,0,0,0,0,-1,-1,-1,-1,-1,-1,white
21490,18044,801.0546735,241.7336884,814.3614241,257.7135088,777.5811743,308.4686085,764.2744751,292.4888046,small vehicle,sedan,0,0,0,0,0,0,-1,-1,-1,-1,-1,-1,white
35413,13748,427.090771,946.6932805,426.4739974,962.1126193,456.0791278,963.3461664,457.3126749,946.076507,small vehicle,hatchback,0,0,0,0,0,0,-1,-1,-1,-1,-1,-1,white
19785,18002,413.1029968,482.350708,420.5946655,459.5499573,490.8970337,482.649292,483.4053345,505.4500427,small vehicle,jeep,1,0,0,0,1,0,-1,-1,-1,-1,-1,-1,silver/grey
18561,15006,477.0848389,89.19536591,495.6262512,50.17670059,576.9151611,88.80463409,558.3737183,127.8233032,small vehicle,hatchback,0,0,0,0,0,0,-1,-1,-1,-1,-1,-1,black
33329,13235,154.3220825,34.19368362,166.1155243,31.97678947,178.6779175,98.80632019,166.8844757,101.0232162,small vehicle,sedan,0,0,0,0,0,0,-1,-1,-1,-1,-1,-1,black
24942,13419,439.2109985,153.4527893,437.8624878,124.6843872,504.7890015,121.5472031,506.1375122,150.3156128,small vehicle,hatchback,0,0,0,0,0,0,-1,-1,-1,-1,-1,-1,black
32244,18204,309.0006714,183.7796783,316.9194946,161.1237335,382.9993286,184.2203217,375.0805054,206.8762817,small vehicle,sedan,0,0,0,0,0,1,-1,-1,-1,-1,-1,-1,silver/grey
18258,16364,862.9060059,208.068573,840.5211182,199.4130859,870.0939941,122.9314346,892.4788818,131.5869141,small vehicle,sedan,1,0,0,0,0,0,-1,-1,-1,-1,-1,-1,silver/grey
17000,11139,600.0040283,112.6136169,592.0297241,89.97714233,658.9959717,66.38638306,666.9702759,89.02285767,small vehicle,sedan,1,0,0,0,0,0,-1,-1,-1,-1,-1,-1,white
21863,18875,3047.193115,2319.428955,3052.781738,2298.564453,3108.806885,2313.571045,3103.218262,2334.435547,small vehicle,sedan,0,0,0,0,0,0,-1,-1,-1,-1,-1,-1,other
13985,11216,676.2213745,408.7253723,652.2258911,408.259552,653.7786255,328.2746277,677.7741089,328.740448,small vehicle,jeep,0,1,0,0,0,0,-1,-1,-1,-1,-1,-1,black
23261,15476,357.6150208,186.4950256,386.4150391,186.5049744,386.3849792,273.5049744,357.5849609,273.4950256,small vehicle,sedan,1,0,0,0,0,0,-1,-1,-1,-1,-1,-1,white
30594,14358,509.145813,209.5815277,526.8450317,221.9628906,483.854187,283.418457,466.1549683,271.0371094,small vehicle,sedan,0,0,0,0,0,0,-1,-1,-1,-1,-1,-1,silver/grey
25542,14713,518.7713623,257.0448608,534.0448608,241.7713623,572.2286377,279.9551392,556.9551392,295.2286377,small vehicle,hatchback,0,0,0,0,0,0,-1,-1,-1,-1,-1,-1,silver/grey
17350,12261,558.0314941,10.45948601,586.6719971,-1.916386604,598.9685059,26.54051208,570.3280029,38.91638565,small vehicle,hatchback,0,0,0,0,0,0,-1,-1,-1,-1,-1,-1,black
30788,19165,751.088623,80.32038879,721.0831909,71.76987457,741.911377,-1.320388794,771.9168091,7.230125427,small vehicle,van,0,0,0,0,0,0,-1,-1,-1,-1,-1,0,white
21617,14494,456.4927063,276.3843994,455.5401306,247.6001434,515.5073242,245.6156158,516.4598389,274.3998413,small vehicle,hatchback,0,0,0,0,0,0,-1,-1,-1,-1,-1,-1,silver/grey
33128,12392,812.102478,571.8284912,794.6141357,579.7529297,764.897522,514.1715088,782.3859253,506.2470703,small vehicle,jeep,0,0,0,0,1,0,-1,-1,-1,-1,-1,-1,black
37115,17266,3540.637207,971.5153809,3553.123779,982.7549438,3526.362793,1012.484619,3513.876221,1001.245056,small vehicle,hatchback,0,0,0,0,0,1,-1,-1,-1,-1,-1,-1,white
34933,10780,145.6176373,1385.34963,161.4192737,1405.738839,167.5360362,1397.583155,153.7733206,1381.271789,small vehicle,pickup,0,0,1,0,0,1,-1,-1,-1,-1,-1,-1,silver/grey
34570,15959,769.1530151,179.1864014,739.3811646,188.5178833,717.8469849,119.8135986,747.6188354,110.4821167,small vehicle,sedan,0,0,0,0,0,0,-1,-1,-1,-1,-1,-1,black
35490,19140,37.26773834,474.8930054,9.876029968,455.43396,52.73225784,395.1069946,80.1239624,414.56604,small vehicle,jeep,1,0,0,0,0,0,-1,-1,-1,-1,-1,-1,silver/grey
30770,19119,108.3629913,449.0291748,89.24139404,450.7625732,84.63700867,399.9708557,103.7585983,398.2374268,small vehicle,sedan,0,0,0,0,0,0,-1,-1,-1,-1,-1,-1,silver/grey
13220,12446,1192.385254,1207.533936,1187.382324,1186.521362,1250.614746,1171.466064,1255.617676,1192.478638,small vehicle,van,0,1,0,0,0,0,-1,-1,-1,-1,-1,0,white
27739,17791,360.4577942,498.0863647,381.5515137,493.4371643,395.5422058,556.9136353,374.4484863,561.5628052,small vehicle,hatchback,0,0,0,0,0,0,-1,-1,-1,-1,-1,-1,silver/grey
38970,15476,683.140686,-5.893616676,711.9291382,-5.07703352,709.859314,67.89361572,681.0708618,67.077034,small vehicle,minivan,0,0,0,0,0,0,-1,-1,-1,-1,-1,-1,silver/grey
23227,12771,1131.389163,925.4343893,1126.755252,958.7985483,1140.656985,960.6521127,1144.364114,928.2147358,small vehicle,sedan,0,0,0,0,0,0,-1,-1,-1,-1,-1,-1,white
38581,11750,258.5418396,437.829834,220.1433105,438.1671448,219.4581757,360.170166,257.8566895,359.8328552,small vehicle,sedan,0,0,0,0,0,0,-1,-1,-1,-1,-1,-1,black
29909,16084,550.4592285,241.1938782,587.9023438,232.6749878,604.5407715,305.8061218,567.0976563,314.3250122,small vehicle,jeep,1,0,0,0,0,0,-1,-1,-1,-1,-1,-1,black
22565,11984,1772.05603,1565.873657,1785.627808,1579.454834,1767.94397,1597.126343,1754.372192,1583.545166,small vehicle,sedan,0,0,0,0,0,0,-1,-1,-1,-1,-1,-1,yellow
13654,15318,3904.000488,1256.391479,3900.195068,1240.028198,3944.999512,1229.608521,3948.804932,1245.971802,small vehicle,sedan,0,0,0,0,0,0,-1,-1,-1,-1,-1,-1,white
30982,11319,16.91633415,384.41745,39.82455444,371.2959595,80.08366394,441.58255,57.17544174,454.7040405,small vehicle,sedan,0,0,0,0,0,0,-1,-1,-1,-1,-1,-1,silver/grey
22813,16487,380.3017883,64.17674255,406.6995239,63.82981873,407.6982117,139.8232574,381.3004761,140.170166,small vehicle,sedan,0,0,0,0,0,0,-1,-1,-1,-1,-1,-1,blue
15826,16036,378.7677612,231.111618,357.2998657,233.496933,350.2322388,169.8883667,371.7001343,167.5030518,small vehicle,sedan,0,0,0,0,0,0,-1,-1,-1,-1,-1,-1,white
33601,12626,591.289856,577.69104,565.1552124,581.4245605,552.710144,494.3089905,578.8447876,490.57547,small vehicle,sedan,0,0,0,0,0,0,-1,-1,-1,-1,-1,-1,silver/grey
20587,10840,39.31282806,541.3985596,39.69676971,517.4016113,114.6871719,518.6014404,114.3032227,542.5983887,small vehicle,minivan,0,1,0,0,0,0,-1,-1,-1,-1,-1,-1,silver/grey
11557,12666,437.5137939,291.324646,413.5162354,291.6679993,412.4862061,219.675354,436.4837341,219.3320007,small vehicle,hatchback,0,0,0,0,0,0,-1,-1,-1,-1,-1,-1,white
27346,12440,475.2746887,120.7324295,478.0762939,92.0690155,551.7253418,99.2675705,548.9237061,127.9309769,small vehicle,sedan,0,0,0,0,0,0,-1,-1,-1,-1,-1,-1,silver/grey
16351,16699,538.9019775,186.625885,548.3657837,167.2094879,604.0980225,194.374115,594.6342163,213.7905121,small vehicle,hatchback,0,0,0,0,0,0,-1,-1,-1,-1,-1,-1,silver/grey
18265,11188,84.20875549,60.53692245,97.98929596,32.54519653,160.7912445,63.46307755,147.0107117,91.45480347,small vehicle,sedan,0,1,0,0,0,0,-1,-1,-1,-1,-1,-1,silver/grey
14648,10840,867.73505,560.69488,865.3898252,537.9427303,895.4133459,534.3273899,897.7585707,557.0795396,small vehicle,sedan,0,0,0,0,0,0,-1,-1,-1,-1,-1,-1,white
38863,18229,121.4441299,604.425354,114.1520538,569.1716309,189.5558624,553.574646,196.8479462,588.8283691,small vehicle,hatchback,1,0,0,0,0,0,-1,-1,-1,-1,-1,-1,silver/grey
11078,16490,3409.175293,1144.549927,3422.054932,1150.989746,3402.824707,1189.450073,3389.945068,1183.010254,small vehicle,sedan,0,0,0,0,0,1,-1,-1,-1,-1,-1,-1,silver/grey
22861,18204,509.4818115,430.7963257,527.8734741,436.3087463,513.5181885,484.2036743,495.1265259,478.6912537,small vehicle,hatchback,0,0,0,0,0,1,-1,-1,-1,-1,-1,-1,white
14300,13611,805.3705444,305.0985718,803.4256592,331.4268188,728.6294556,325.9014282,730.5744019,299.5731812,small vehicle,minivan,0,0,0,0,0,0,-1,-1,-1,-1,-1,-1,white
30228,15561,352.6115723,316.1029663,349.8114624,289.8518982,424.3884277,281.8970337,427.1885376,308.1481018,small vehicle,sedan,0,0,0,0,0,0,-1,-1,-1,-1,-1,-1,white
37126,14537,3686.159668,1590.994263,3684.902832,1564.624268,3739.840332,1562.005737,3741.097168,1588.375732,small vehicle,jeep,0,0,0,0,0,0,-1,-1,-1,-1,-1,-1,silver/grey
36005,12105,840.5244141,472.0172729,837.824646,448.1696167,892.4755859,441.9827271,895.175293,465.8303833,small vehicle,sedan,0,0,0,0,0,0,-1,-1,-1,-1,-1,-1,silver/grey
22878,18246,573.6055298,345.1903076,604.729126,343.0080872,610.3944702,423.8096924,579.270874,425.9919434,small vehicle,sedan,0,0,0,0,0,0,-1,-1,-1,-1,-1,-1,silver/grey
35537,16831,523.0966797,487.7704773,522.9054565,463.7712402,590.9033203,463.2295227,591.0945435,487.2287598,small vehicle,minivan,0,0,0,0,0,0,-1,-1,-1,-1,-1,-1,white
27353,10037,712.7444458,345.3110352,714.65979,328.620575,776.2555542,335.6889648,774.34021,352.379425,small vehicle,hatchback,0,0,0,0,0,0,-1,-1,-1,-1,-1,-1,red
35008,18606,281.3224487,1878.546875,292.0442505,1888.159546,266.6775513,1916.453125,255.9557495,1906.840454,small vehicle,hatchback,0,0,0,0,0,0,-1,-1,-1,-1,-1,-1,black
17283,13791,454.1064148,153.20784,452.9596558,126.8327637,522.8936157,123.7921524,524.0403442,150.1672363,small vehicle,sedan,0,0,0,0,0,0,-1,-1,-1,-1,-1,-1,white
34167,14636,390.3256226,289.2869873,364.869873,275.816864,396.6743774,215.7130127,422.130127,229.1831665,small vehicle,hatchback,0,0,0,0,0,0,-1,-1,-1,-1,-1,-1,black
26865,13926,857.4372559,170.5804138,866.5872803,159.4611969,900.5627441,187.4195862,891.4127197,198.5388031,small vehicle,jeep,0,0,0,0,0,0,-1,-1,-1,-1,-1,-1,silver/grey
27816,11307,246.9117889,10.82854557,273.2033691,8.438399315,279.0881958,73.17145538,252.7966156,75.56159973,small vehicle,hatchback,0,0,0,0,0,0,-1,-1,-1,-1,-1,-1,silver/grey
29368,19361,400.5036378,628.6676952,394.605933,664.4751891,408.9289305,666.5815123,415.6691647,630.3527537,small vehicle,van,0,0,0,0,0,0,-1,-1,-1,-1,-1,0,white
19908,14039,629.5227661,473.9595642,660.434082,469.7251282,670.4772339,543.0404053,639.565918,547.2748413,small vehicle,jeep,0,0,0,0,0,0,-1,-1,-1,-1,-1,-1,silver/grey
35484,11078,848.343689,247.0344849,827.2018433,251.4595947,812.656311,181.9655151,833.7981567,177.5404053,small vehicle,sedan,0,0,0,0,0,0,-1,-1,-1,-1,-1,-1,silver/grey
31632,14218,461.9143677,395.9828796,426.4177856,401.9822998,414.0856323,329.0171204,449.5822144,323.0177002,small vehicle,sedan,0,0,0,0,0,0,-1,-1,-1,-1,-1,-1,blue
38550,13558,764.6641846,84.60823822,788.5044556,81.84422302,796.3358154,149.3917542,772.4955444,152.155777,small vehicle,sedan,0,0,0,0,0,0,-1,-1,-1,-1,-1,-1,white
18824,15318,446.9389954,1869.080811,464.5245056,1876.787354,446.0610046,1918.919189,428.4754944,1911.212646,small vehicle,sedan,0,0,0,0,0,0,-1,-1,-1,-1,-1,-1,other
32498,19607,540.0209351,440.6872864,516.0284424,441.2871094,513.9790649,359.3127136,537.9715576,358.7128906,small vehicle,pickup,0,0,1,0,0,0,-1,-1,-1,-1,-1,-1,black
22748,18724,205.2806668,185.1533699,224.0116847,180.9356592,233.8969481,224.8364842,215.1659302,229.0541949,small vehicle,sedan,0,0,0,0,0,0,-1,-1,-1,-1,-1,-1,green
29881,12827,233.0635838,-7.456647399,236.1849711,42.48554913,262.1965318,40.40462428,259.0751445,-10.57803468,small vehicle,jeep,0,0,0,0,0,0,-1,-1,-1,-1,-1,-1,blue
28683,12670,567.7241821,211.1436768,556.510376,184.6165161,629.2758179,153.8563232,640.489624,180.3834686,small vehicle,sedan,0,0,0,0,0,0,-1,-1,-1,-1,-1,-1,white
17718,14494,313.900116,395.2487488,312.4183655,380.9252014,372.099884,374.7512512,373.5816345,389.0747986,small vehicle,hatchback,0,0,0,0,0,0,-1,-1,-1,-1,-1,-1,black
39314,13751,843.7532349,92.5660553,842.3884277,73.41462708,898.2467651,69.4339447,899.6115723,88.58538055,small vehicle,hatchback,0,0,0,0,0,0,-1,-1,-1,-1,-1,-1,silver/grey
17116,13451,91.40981293,497.8246765,126.4975662,489.771759,140.5901794,551.175293,105.5024338,559.2282715,small vehicle,hatchback,0,0,0,0,0,0,-1,-1,-1,-1,-1,-1,blue
22378,16798,446.6557007,1057.099731,468.066864,1054.249878,473.3442993,1093.900269,451.933136,1096.750122,small vehicle,minivan,0,0,0,0,0,0,-1,-1,-1,-1,-1,-1,white
36072,14074,620.3855591,30.53889275,643.2202759,23.15126228,666.6144409,95.46110535,643.7797241,102.8487396,small vehicle,sedan,0,0,0,0,0,0,-1,-1,-1,-1,-1,-1,silver/grey
16055,13586,75.21359253,3.984527111,98.96999359,0.573727131,106.7864075,55.01547241,83.03001404,58.42627335,small vehicle,sedan,0,0,0,0,0,0,-1,-1,-1,-1,-1,-1,silver/grey
35075,18246,29.13294798,542.9479769,36.41618497,600.1734104,15.60693642,600.1734104,14.56647399,546.0693642,small vehicle,sedan,0,0,0,0,0,0,-1,-1,-1,-1,-1,-1,silver/grey
28434,18204,204.5197754,358.4938354,224.5349579,366.6149292,203.4802246,418.5061646,183.4650421,410.3850708,small vehicle,hatchback,0,0,0,0,0,1,-1,-1,-1,-1,-1,-1,white
39834,19725,1831.972121,503.3673367,1807.16496,539.1999024,1824.392155,550.2253072,1845.064789,510.9473025,small vehicle,hatchback,0,0,0,0,0,1,-1,-1,-1,-1,-1,-1,other
24622,19620,650.4979248,365.0480652,652.7780151,341.1566162,713.5020752,346.9519348,711.2219849,370.8433838,small vehicle,hatchback,0,0,0,0,0,0,-1,-1,-1,-1,-1,-1,white
37470,12170,1211.647461,1620.558716,1224.158325,1627.688843,1204.352539,1662.441284,1191.841675,1655.311157,small vehicle,hatchback,0,0,0,0,0,0,-1,-1,-1,-1,-1,-1,white
25440,18204,626.5758057,227.1631165,648.8726196,213.0275421,687.4241943,273.8368835,665.1273804,287.9724731,small vehicle,sedan,0,0,0,0,0,1,-1,-1,-1,-1,-1,-1,white
11734,13124,541.7578125,1032.836548,557.6956787,1027.523926,572.2421875,1071.163452,556.3043213,1076.476074,small vehicle,sedan,0,0,0,0,0,0,-1,-1,-1,-1,-1,-1,white
13134,14537,1887.059204,1787.241089,1883.697632,1768.337646,1931.940796,1759.758911,1935.302368,1778.662354,small vehicle,sedan,0,0,0,0,0,0,-1,-1,-1,-1,-1,-1,white
28814,12170,2191.33488,2047.473916,2201.016279,2029.8196,2249.423274,2053.168856,2240.311369,2070.253678,small vehicle,sedan,0,0,0,0,0,0,-1,-1,-1,-1,-1,-1,red
15179,12968,103.0495453,362.5235596,96.36828613,329.5945435,165.9504547,315.4764099,172.6317139,348.4054565,small vehicle,minivan,0,0,0,0,0,0,-1,-1,-1,-1,-1,-1,silver/grey
23302,16904,857.7093506,412.6125488,879.8362427,427.0125732,837.2906494,492.3874512,815.1637573,477.9874268,small vehicle,sedan,0,0,0,0,0,0,-1,-1,-1,-1,-1,-1,silver/grey
17174,19314,455.7779236,606.7627563,446.7108765,592.6196289,497.2220764,560.2372437,506.2891235,574.3803711,small vehicle,sedan,0,0,0,0,0,0,-1,-1,-1,-1,-1,-1,silver/grey
26489,17747,134.5727539,97.23779297,107.7627563,86.7181015,134.4272461,18.76219177,161.2372437,29.28188324,small vehicle,sedan,0,0,0,0,0,0,-1,-1,-1,-1,-1,-1,black
33954,13846,201.0,209.3999939,201.0,180.6000061,274.0,180.6000061,274.0,209.3999939,small vehicle,hatchback,0,0,0,0,0,0,-1,-1,-1,-1,-1,-1,red
27224,19607,1.097258091,21.80940628,-0.018492222,0.238243103,58.90274048,-2.809405565,60.01848984,18.7617569,small vehicle,sedan,0,0,0,0,0,0,-1,-1,-1,-1,-1,-1,white
37201,12137,295.3106689,73.44228363,316.743866,76.12142944,307.6893311,148.5577087,286.256134,145.8785706,small vehicle,sedan,0,0,0,0,0,0,-1,-1,-1,-1,-1,-1,black
30463,13599,206.227478,360.7926941,179.9161987,362.9552612,173.7725372,288.2073059,200.0838165,286.0447388,small vehicle,sedan,0,0,0,0,0,0,-1,-1,-1,-1,-1,-1,black
35501,15318,3856.270997,2157.762532,3872.80744,2157.762532,3873.726132,2179.811124,3859.02707,2178.892432,small vehicle,hatchback,0,0,0,0,0,0,-1,-1,-1,-1,-1,-1,white
26302,15318,1639.954895,2550.314122,1655.900729,2566.259955,1691.778854,2525.825877,1674.124538,2514.435996,small vehicle,minivan,0,0,0,0,0,0,-1,-1,-1,-1,-1,-1,black
24027,13124,562.0454102,941.9907837,587.8488159,936.4102173,600.9545898,997.0092163,575.1511841,1002.589783,small vehicle,van,0,0,0,0,0,0,-1,-1,-1,-1,-1,0,yellow
34039,18874,354.0355835,347.9677734,377.9036865,345.4553223,385.9644165,422.0322266,362.0963135,424.5446777,small vehicle,sedan,0,0,0,0,0,0,-1,-1,-1,-1,-1,-1,silver/grey
15860,19238,80.58037567,13.58085442,113.7554779,27.55986977,78.41963196,111.4191437,45.24452972,97.44012451,small vehicle,van,0,1,0,0,0,0,-1,-1,-1,-1,-1,0,white
14757,16226,752.881897,582.9570313,731.7797241,587.5678101,718.118103,525.0429688,739.2202759,520.4321289,small vehicle,hatchback,0,0,0,0,0,0,-1,-1,-1,-1,-1,-1,silver/grey
23089,18606,148.5712891,1887.247559,158.7571411,1877.068726,176.4287109,1894.752441,166.2428589,1904.931274,small vehicle,hatchback,0,0,0,0,0,1,-1,-1,-1,-1,-1,-1,white
33579,13846,665.3592529,229.6259155,665.8238942,194.9755024,734.7621344,198.7382463,736.378418,227.1459001,small vehicle,sedan,0,0,0,0,0,0,-1,-1,-1,-1,-1,-1,white
19986,13124,575.5496826,1102.126831,592.2294312,1092.617554,621.4503174,1143.873291,604.7705688,1153.382446,small vehicle,sedan,0,0,0,0,0,0,-1,-1,-1,-1,-1,-1,white
39812,16313,127.5963058,138.361908,150.3546295,130.7422791,169.4037018,187.638092,146.6453857,195.2577209,small vehicle,sedan,0,0,0,0,0,0,-1,-1,-1,-1,-1,-1,white
33124,16209,794.4000244,326.5,753.5999756,326.5,753.5999756,251.5,794.4000244,251.5,small vehicle,sedan,1,0,0,0,0,0,-1,-1,-1,-1,-1,-1,white
12289,18610,303.0242004,59.1659317,276.5528259,47.82106018,300.9757996,-9.165931702,327.4472046,2.178940773,small vehicle,sedan,0,0,0,0,0,0,-1,-1,-1,-1,-1,-1,silver/grey
15760,11477,265.3435364,223.0869598,261.6065063,201.8126831,323.6564636,190.9130402,327.3934937,212.1873169,small vehicle,hatchback,0,0,0,0,0,0,-1,-1,-1,-1,-1,-1,white
34258,13828,295.1220093,318.3418274,323.539978,313.6663513,335.8779907,388.6581726,307.460022,393.3336182,small vehicle,van,0,0,0,0,0,0,-1,-1,-1,-1,-1,0,silver/grey
31312,15443,2974.885435,960.4622388,2984.204428,947.5191922,3026.657621,983.7597227,3016.820906,995.6673256,small vehicle,hatchback,0,0,0,0,0,0,-1,-1,-1,-1,-1,-1,other
21469,14628,1042.268254,120.9023003,1040.028496,153.3788029,1056.826687,154.4986823,1056.266747,120.3423606,small vehicle,sedan,0,0,0,0,0,0,-1,-1,-1,-1,-1,-1,silver/grey
21963,12263,360.6081238,351.0688171,375.7180176,326.5508423,423.3918762,355.9311829,408.2819824,380.4491577,small vehicle,sedan,0,0,0,0,0,1,-1,-1,-1,-1,-1,-1,white
13829,16084,405.664093,241.7870026,405.340271,212.9888306,474.335907,212.2129974,474.659729,241.0111694,small vehicle,sedan,0,0,0,0,0,0,-1,-1,-1,-1,-1,-1,white
26440,13978,172.1999969,308.5,145.7999878,308.5,145.8000031,237.5,172.2000122,237.5,small vehicle,hatchback,0,0,0,0,0,0,-1,-1,-1,-1,-1,-1,silver/grey
37576,13165,324.1000061,293.2000122,303.4230652,305.384613,268.8999939,246.7999878,289.5769348,234.615387,small vehicle,hatchback,0,0,0,0,0,0,-1,-1,-1,-1,-1,-1,silver/grey
34395,15729,493.2450256,236.8752136,484.0629272,212.1234589,548.7550049,188.1247864,557.9370728,212.8765259,small vehicle,hatchback,0,1,0,0,0,0,-1,-1,-1,-1,-1,-1,white
14179,11971,487.8521118,11.09318256,515.1741943,1.985819817,534.1478882,58.90681839,506.8258057,68.01418304,small vehicle,sedan,0,0,0,0,0,0,-1,-1,-1,-1,-1,-1,silver/grey
21541,18130,186.0926819,65.55189514,202.9733887,79.02787781,169.9073181,120.4481049,153.0266113,106.9721222,small vehicle,minivan,0,0,0,0,0,1,-1,-1,-1,-1,-1,-1,white
36027,10301,427.6004639,102.7790527,450.6650696,96.14402771,471.3995361,168.2209473,448.3349304,174.8559723,small vehicle,sedan,0,0,0,0,0,0,-1,-1,-1,-1,-1,-1,white
39412,18875,925.7385254,368.9335022,936.7579346,381.6146851,898.2614746,415.0664978,887.2420654,402.3853149,small vehicle,jeep,0,0,0,0,0,1,-1,-1,-1,-1,-1,-1,white
21189,14978,541.9020996,403.1070557,563.1281128,399.1049805,576.0979004,467.8929443,554.8718872,471.8950195,small vehicle,hatchback,0,0,0,0,0,0,-1,-1,-1,-1,-1,-1,black
12849,19660,3941.940918,1855.67627,3955.623535,1835.958618,3995.059082,1863.32373,3981.376465,1883.041504,small vehicle,sedan,0,0,0,0,0,0,-1,-1,-1,-1,-1,-1,silver/grey
14807,15959,805.4822388,93.15766144,831.0232544,86.47796631,851.5177612,164.8423462,825.9767456,171.5220337,small vehicle,sedan,0,0,0,0,0,0,-1,-1,-1,-1,-1,-1,white
24033,15879,247.5587463,550.1205444,267.9924927,543.1190186,287.4412537,599.8794556,267.0075073,606.8809814,small vehicle,sedan,0,0,0,0,0,0,-1,-1,-1,-1,-1,-1,white
14107,16168,50.33982086,464.5021667,55.39167404,483.0256348,20.66017532,492.4978333,15.60832214,473.9743652,small vehicle,hatchback,0,0,0,0,0,0,-1,-1,-1,-1,-1,-1,silver/grey
29042,16052,608.024292,179.6209259,584.0353394,180.3478699,581.975708,112.3790665,605.9646606,111.6521301,small vehicle,sedan,0,0,0,0,0,0,-1,-1,-1,-1,-1,-1,white
36549,10423,564.5949097,262.8994141,543.4702759,267.4060059,527.4050903,192.1005707,548.5297241,187.5939789,small vehicle,hatchback,0,0,0,0,0,0,-1,-1,-1,-1,-1,-1,silver/grey
18841,18708,399.1336365,525.8580933,424.9946289,520.5506592,438.8663635,588.1419067,413.0053711,593.4493408,small vehicle,sedan,0,0,0,0,0,0,-1,-1,-1,-1,-1,-1,silver/grey
33597,13565,161.1487732,468.1247559,169.7743073,438.1407776,241.8512268,458.8752441,233.2256927,488.8592224,small vehicle,sedan,0,0,0,0,0,0,-1,-1,-1,-1,-1,-1,silver/grey
31932,17660,720.6714478,66.90731812,751.2329712,60.62756348,766.3285522,134.0926819,735.7670288,140.3724365,small vehicle,sedan,0,0,0,0,0,0,-1,-1,-1,-1,-1,-1,other
34346,16021,74.81793213,571.5697021,72.59301758,552.4990234,133.1820679,545.4302979,135.4069824,564.5009766,small vehicle,jeep,0,0,0,0,0,0,-1,-1,-1,-1,-1,-1,silver/grey
19808,14406,476.5327454,424.5269165,445.5289307,428.0203247,437.4672546,356.4730835,468.4710693,352.9796753,small vehicle,sedan,0,0,0,0,0,0,-1,-1,-1,-1,-1,-1,black
29770,11063,450.4758301,145.9331818,456.4891968,125.1871033,528.5241699,146.066803,522.5108032,166.8128815,small vehicle,jeep,0,0,0,0,0,0,-1,-1,-1,-1,-1,-1,silver/grey
37857,13363,472.6203613,144.887558,487.1120911,128.8703766,529.3796387,167.112442,514.8879395,183.1296082,small vehicle,hatchback,0,0,0,0,0,0,-1,-1,-1,-1,-1,-1,white
13597,15159,108.5208435,378.8599243,110.7071075,350.1430359,189.4791565,356.1400757,187.2928925,384.8569641,small vehicle,sedan,0,0,0,0,0,0,-1,-1,-1,-1,-1,-1,silver/grey
18050,18606,1583.498047,1109.678101,1606.298218,1117.171265,1588.501953,1171.321899,1565.701782,1163.828735,small vehicle,sedan,0,0,0,0,0,0,-1,-1,-1,-1,-1,-1,red
16285,14742,312.2288717,1256.508123,313.3502782,1268.843594,351.4780977,1266.040078,349.2352847,1252.022497,small vehicle,sedan,0,0,0,0,0,0,-1,-1,-1,-1,-1,-1,red
14366,12577,786.9649048,219.8128052,810.9181519,218.3157196,815.0350952,284.1871948,791.0818481,285.6842651,small vehicle,sedan,0,0,0,0,0,0,-1,-1,-1,-1,-1,-1,white
30122,10215,669.000061,142.9752808,673.2084961,119.3471451,749.999939,133.0247192,745.7915039,156.6528625,small vehicle,sedan,0,0,0,0,0,0,-1,-1,-1,-1,-1,-1,silver/grey
22895,14393,228.550766,386.1854248,213.8914795,358.6437073,277.4492188,324.8145752,292.1085205,352.3562927,small vehicle,hatchback,0,0,0,0,0,0,-1,-1,-1,-1,-1,-1,white
35036,17791,183.1213873,296.3583815,189.3641618,321.3294798,245.5491329,306.7630058,238.265896,280.7514451,small vehicle,hatchback,0,0,0,0,0,0,-1,-1,-1,-1,-1,-1,blue
20640,19531,1406.623657,845.3486938,1402.106567,816.9051514,1460.376343,807.6513062,1464.893433,836.0948486,small vehicle,hatchback,0,0,0,0,0,0,-1,-1,-1,-1,-1,-1,black
31372,19531,1329.364258,259.598175,1343.301514,250.2177887,1365.635742,283.401825,1351.698486,292.7822266,small vehicle,hatchback,0,0,0,0,0,0,-1,-1,-1,-1,-1,-1,white
21581,13868,350.6358382,167.3410405,357.9190751,240.1734104,379.7687861,238.0924855,378.7283237,163.1791908,small vehicle,jeep,0,0,0,0,0,0,-1,-1,-1,-1,-1,-1,blue
30045,14186,522.5427246,1871.734375,518.4433594,1857.930176,564.4572754,1844.265625,568.5566406,1858.069824,small vehicle,sedan,0,0,0,0,0,0,-1,-1,-1,-1,-1,-1,white
34397,12070,844.2260742,1861.235107,856.3395996,1872.87561,823.7739258,1906.764893,811.6604004,1895.12439,small vehicle,sedan,0,0,0,0,0,1,-1,-1,-1,-1,-1,-1,white
13360,16084,557.9909058,162.038681,581.9695435,161.0254974,585.0090942,232.961319,561.0304565,233.9745026,small vehicle,sedan,0,0,0,0,0,0,-1,-1,-1,-1,-1,-1,white
18459,17126,487.6271973,26.73418427,476.5453796,2.77268219,527.3728027,-20.73418236,538.4545898,3.227319717,small vehicle,sedan,0,0,0,0,0,0,-1,-1,-1,-1,-1,-1,silver/grey
20117,16389,801.7015381,835.765686,787.217041,813.6940308,812.2984619,797.234314,826.782959,819.3059692,small vehicle,jeep,0,0,0,0,0,0,-1,-1,-1,-1,-1,-1,white
34435,18606,1615.186523,1132.51709,1629.207642,1135.798584,1617.813477,1184.48291,1603.792358,1181.201416,small vehicle,sedan,0,0,0,0,0,0,-1,-1,-1,-1,-1,-1,silver/grey
11861,13125,75.65765381,604.9370117,78.51132202,564.2369385,147.3423462,569.0629883,144.488678,609.7630615,small vehicle,sedan,0,0,0,0,0,0,-1,-1,-1,-1,-1,-1,silver/grey
35216,13981,153.1315765,144.2063904,159.4446564,123.5495529,215.8684235,140.7936096,209.5553436,161.4504547,small vehicle,hatchback,0,0,0,0,0,0,-1,-1,-1,-1,-1,-1,blue
22763,13581,784.5773315,533.99646,779.1159668,518.1089478,843.4226685,496.0035095,848.8840332,511.8910522,small vehicle,jeep,0,0,0,0,0,0,-1,-1,-1,-1,-1,-1,blue
19017,14492,109.3588638,348.6880493,128.5553894,348.3222961,129.6411438,405.3119507,110.4446182,405.6777039,small vehicle,hatchback,0,0,0,0,0,0,-1,-1,-1,-1,-1,-1,silver/grey
13064,17591,1907.92397,282.1876286,1899.881645,316.2717671,1914.051456,319.7184778,1922.476748,285.6343392,small vehicle,sedan,0,0,0,0,0,0,-1,-1,-1,-1,-1,-1,silver/grey
28432,14908,116.5317919,564.7976879,142.5433526,564.7976879,145.6647399,604.3352601,115.4913295,603.2947977,small vehicle,sedan,0,0,0,0,0,0,-1,-1,-1,-1,-1,-1,black
19360,11854,413.4706421,25.62744522,435.3399048,15.74133778,469.5293579,91.37255859,447.6600952,101.258667,small vehicle,pickup,0,0,1,0,0,0,-1,-1,-1,-1,-1,-1,white
27178,11044,748.8793607,204.3546875,741.0475009,177.389892,799.9992521,164.4834781,807.8311118,190.4077958,small vehicle,sedan,0,0,0,0,0,0,-1,-1,-1,-1,-1,-1,black
28628,13124,629.1706543,1233.612671,649.274231,1225.712769,666.8293457,1270.387329,646.725769,1278.287231,small vehicle,hatchback,0,0,0,0,0,0,-1,-1,-1,-1,-1,-1,white
28687,17683,263.0262451,119.493927,268.3414917,98.55812073,342.9737549,117.506073,337.6585083,138.4418793,small vehicle,hatchback,0,0,0,0,0,0,-1,-1,-1,-1,-1,-1,silver/grey
12945,15318,417.2782898,825.7937012,409.0419006,811.1512451,458.7217102,783.2062988,466.9580994,797.8488159,small vehicle,sedan,0,0,0,0,0,0,-1,-1,-1,-1,-1,-1,white
30109,16116,171.0379028,105.6333771,144.7491608,108.0547104,137.9620972,34.3666153,164.250824,31.94528008,small vehicle,minivan,0,0,0,0,0,0,-1,-1,-1,-1,-1,-1,red
13747,14186,1343.377642,1162.922236,1356.47031,1144.316865,1386.101086,1170.502201,1367.495715,1187.729396,small vehicle,sedan,0,0,0,0,0,0,-1,-1,-1,-1,-1,-1,white
11000,10689,431.6057739,530.9511108,422.8149719,508.6190186,495.3942261,480.0488892,504.1850281,502.3809814,small vehicle,sedan,0,0,0,0,0,0,-1,-1,-1,-1,-1,-1,silver/grey
32257,10172,1457.373413,534.8847656,1470.660278,514.8982544,1520.626587,548.1152344,1507.339722,568.1018066,small vehicle,sedan,0,0,0,0,0,0,-1,-1,-1,-1,-1,-1,yellow
19584,13058,583.7122803,393.3766785,585.4073486,362.2227478,666.2877197,366.6233215,664.5926514,397.7772522,small vehicle,jeep,0,0,0,0,0,0,-1,-1,-1,-1,-1,-1,black
17177,19725,1737.731689,467.3871155,1757.05127,477.046936,1738.268311,514.612854,1718.94873,504.953064,small vehicle,sedan,0,0,0,0,0,1,-1,-1,-1,-1,-1,-1,other
23490,19873,445.0756226,430.4417725,425.8841858,420.5296936,458.9243774,356.5582581,478.1158142,366.4703064,small vehicle,jeep,0,0,0,0,1,0,-1,-1,-1,-1,-1,-1,silver/grey
10341,14016,1352.14563,1649.964722,1378.032959,1655.142212,1366.85437,1711.035278,1340.967041,1705.857788,small vehicle,sedan,0,0,0,0,0,0,-1,-1,-1,-1,-1,-1,white
14787,11984,1836.108032,1430.391724,1850.223267,1433.240845,1843.891968,1464.608276,1829.776733,1461.759155,small vehicle,sedan,0,0,0,0,0,0,-1,-1,-1,-1,-1,-1,yellow
33967,18643,2.97034359,529.2081909,13.60264301,505.0438843,63.02965546,526.7918091,52.39735413,550.9561157,small vehicle,minivan,0,0,0,0,0,0,-1,-1,-1,-1,-1,-1,white
35990,18246,697.3180542,327.0716248,726.104126,327.9659729,723.6819458,405.9283752,694.895874,405.0340271,small vehicle,sedan,0,0,0,0,0,0,-1,-1,-1,-1,-1,-1,silver/grey
29644,10676,113.1818695,158.4498596,108.4932251,125.1786041,176.8181305,115.5501328,181.5067749,148.8213959,small vehicle,jeep,1,0,0,0,1,0,-1,-1,-1,-1,-1,-1,black
37875,13124,343.5294495,568.8856201,331.2795105,554.1011963,367.47052,524.1143799,379.7204895,538.8988037,small vehicle,hatchback,0,0,0,0,0,0,-1,-1,-1,-1,-1,-1,white
24261,12446,2818.397705,564.2021484,2833.372803,571.8168945,2816.602295,604.7978516,2801.627197,597.1831055,small vehicle,hatchback,0,0,0,0,0,0,-1,-1,-1,-1,-1,-1,silver/grey
25503,13856,698.6331787,538.8396606,719.6547241,533.8742676,734.3668213,596.1603394,713.3452759,601.1257324,small vehicle,hatchback,0,0,0,0,0,0,-1,-1,-1,-1,-1,-1,white
38650,19519,776.2868652,476.3782043,797.6628418,473.275238,806.7131348,535.6218262,785.3371582,538.7247314,small vehicle,hatchback,0,0,0,0,0,0,-1,-1,-1,-1,-1,-1,blue
37923,18606,112.2158508,2002.222656,122.5731201,1992.218262,160.7841492,2031.777344,150.4268799,2041.781738,small vehicle,sedan,0,0,0,0,0,0,-1,-1,-1,-1,-1,-1,white
18535,10493,1364.432617,2465.497559,1376.65918,2477.019287,1337.567383,2518.502441,1325.34082,2506.980713,small vehicle,sedan,0,0,0,0,0,0,-1,-1,-1,-1,-1,-1,blue
29614,10751,444.4873352,256.7367859,470.7190247,253.7604828,479.5126648,331.2631836,453.2809753,334.239502,small vehicle,sedan,0,0,0,0,0,0,-1,-1,-1,-1,-1,-1,black
31339,13290,727.5025024,259.6600342,747.9940186,252.8295135,769.4974976,317.3399658,749.0059814,324.1704712,small vehicle,sedan,0,0,0,0,0,0,-1,-1,-1,-1,-1,-1,silver/grey
17919,12170,921.8613227,1452.084334,937.0212543,1432.100788,979.744698,1466.555178,966.6520298,1483.093286,small vehicle,van,0,0,0,0,0,0,-1,-1,-1,-1,-1,0,white
38285,16374,864.6860962,56.4737854,858.7423096,35.7076683,894.3139038,25.52621841,900.2576904,46.29233551,small vehicle,sedan,0,0,0,0,0,0,-1,-1,-1,-1,-1,-1,silver/grey
27314,15402,3257.786377,115.291008,3252.01416,99.51374817,3295.213623,83.708992,3300.98584,99.48625946,small vehicle,hatchback,0,0,0,0,0,1,-1,-1,-1,-1,-1,-1,white
23551,14858,722.3213501,352.03479,733.4086304,336.3595886,776.6786499,366.96521,765.5913696,382.6404114,small vehicle,minivan,0,0,0,0,0,1,-1,-1,-1,-1,-1,-1,white
35714,14762,660.3705444,546.2802734,670.0570679,519.1581421,741.6294556,544.7197266,731.9429321,571.8418579,small vehicle,sedan,0,0,0,0,0,0,-1,-1,-1,-1,-1,-1,silver/grey
20352,15410,233.1065369,250.0652161,236.473114,223.8807526,306.8934631,232.9347839,303.526886,259.1192627,small vehicle,jeep,1,0,0,0,0,0,-1,-1,-1,-1,-1,-1,silver/grey
30648,19725,2585.577148,2628.614258,2592.034912,2610.532959,2650.422852,2631.385742,2643.965088,2649.467041,small vehicle,sedan,0,0,0,0,0,0,-1,-1,-1,-1,-1,-1,white
38844,15135,455.2705994,490.9178162,431.2711487,491.0803528,430.7294006,411.0821838,454.7288513,410.9196472,small vehicle,pickup,0,0,1,0,0,0,-1,-1,-1,-1,-1,-1,silver/grey
18178,17988,277.4437866,487.7745667,253.6857147,471.4959106,291.5562134,416.2254333,315.31427,432.5040894,small vehicle,sedan,0,0,0,0,0,0,-1,-1,-1,-1,-1,-1,silver/grey
39568,11991,645.149353,310.7758789,639.2055664,290.0097656,697.850647,273.2241211,703.7944336,293.9902344,small vehicle,hatchback,0,0,0,0,0,0,-1,-1,-1,-1,-1,-1,white
38933,17339,508.4572754,49.42990112,525.2520142,32.28529358,574.5427246,80.57009888,557.7479858,97.71470642,small vehicle,minivan,0,0,0,0,0,0,-1,-1,-1,-1,-1,-1,white
31368,12440,468.2498779,228.94664,468.7647705,202.5516663,545.7501221,204.05336,545.2352295,230.4483337,small vehicle,sedan,0,0,0,0,0,0,-1,-1,-1,-1,-1,-1,other
35586,18606,1624.602539,1178.966431,1633.144653,1167.373657,1673.397461,1197.033569,1664.855347,1208.626343,small vehicle,sedan,0,0,0,0,0,0,-1,-1,-1,-1,-1,-1,white
18046,18724,442.0866394,148.4911804,452.0648804,126.6637955,523.9133301,159.5088196,513.9351196,181.3362122,small vehicle,sedan,0,0,0,0,0,0,-1,-1,-1,-1,-1,-1,white
19206,15085,199.0855255,366.8762207,204.4699249,341.0311584,276.9144592,356.1237793,271.5300903,381.9688416,small vehicle,sedan,0,0,0,0,0,0,-1,-1,-1,-1,-1,-1,silver/grey
24220,15159,529.9187012,441.2226257,556.1291504,444.3804932,546.0812988,527.7774048,519.8708496,524.6195068,small vehicle,sedan,0,0,0,0,0,0,-1,-1,-1,-1,-1,-1,silver/grey
33310,17538,247.4059753,466.4345703,241.1885529,443.2539063,314.5940247,423.5653992,320.8114624,446.7460938,small vehicle,jeep,0,1,0,0,0,0,-1,-1,-1,-1,-1,-1,white
36311,15228,313.5529785,338.8775024,315.9869995,365.1650696,208.4470215,375.1224976,206.0129852,348.8349304,small vehicle,hatchback,0,0,0,0,0,0,-1,-1,-1,-1,-1,-1,white
14142,12418,349.708252,546.1262817,379.5817261,555.1271362,364.291748,605.8737183,334.4182739,596.8728638,small vehicle,sedan,0,0,0,0,0,0,-1,-1,-1,-1,-1,-1,black
19220,18861,429.6128845,234.7233582,462.5460815,228.0627136,480.3871155,316.2766418,447.4539185,322.9372864,small vehicle,pickup,0,0,0,1,0,0,-1,-1,-1,-1,-1,-1,silver/grey
10389,10423,613.5007324,145.7536926,584.7136202,155.7158658,552.8923312,83.40816471,581.6794434,73.44597626,small vehicle,sedan,0,0,0,0,0,0,-1,-1,-1,-1,-1,-1,silver/grey
29789,11289,213.5641785,529.425293,205.0285339,509.583374,279.435791,477.5746765,287.9714661,497.416626,small vehicle,sedan,1,0,0,0,0,0,-1,-1,-1,-1,-1,-1,silver/grey
20585,11318,501.4664307,200.7191772,516.9228516,185.6307831,559.5335693,229.2808228,544.0771484,244.3692017,small vehicle,hatchback,0,0,0,0,0,0,-1,-1,-1,-1,-1,-1,silver/grey
19722,15933,107.4906311,67.57058716,86.44377899,62.71362686,101.5093689,-2.570583344,122.556221,2.286378384,small vehicle,sedan,0,0,0,0,0,0,-1,-1,-1,-1,-1,-1,white
34698,12519,868.9694824,310.7973022,847.3983765,329.8794556,799.0305176,275.2026978,820.6016235,256.1205444,small vehicle,sedan,1,0,0,0,0,0,-1,-1,-1,-1,-1,-1,silver/grey
10252,18775,429.5005493,562.1055298,416.5267334,547.9520874,475.4994507,493.8945007,488.4732666,508.0479431,small vehicle,jeep,1,1,0,0,0,0,-1,-1,-1,-1,-1,-1,white
26341,17955,267.6458435,137.8504333,243.2458496,127.7707367,270.3541565,62.14955139,294.7541504,72.22925568,small vehicle,hatchback,0,0,0,0,0,0,-1,-1,-1,-1,-1,-1,silver/grey
36513,19930,294.1699219,226.2091827,315.125,220.9704132,332.8300781,291.7908325,311.875,297.0296021,small vehicle,minivan,0,0,0,0,0,0,-1,-1,-1,-1,-1,-1,white
10090,14459,295.8565063,419.2138672,319.6408081,422.4242249,310.1434937,492.7861328,286.3591919,489.5757751,small vehicle,hatchback,0,0,0,0,0,0,-1,-1,-1,-1,-1,-1,black
34607,14625,358.2476196,473.9436951,347.0533752,437.2115479,419.7523804,415.0563049,430.9466248,451.7884521,small vehicle,sedan,0,0,0,0,0,0,-1,-1,-1,-1,-1,-1,blue
20392,16509,274.3715515,267.4806213,244.9478607,235.8501587,278.6284485,204.5193787,308.052124,236.1498413,small vehicle,hatchback,0,0,0,0,0,0,-1,-1,-1,-1,-1,-1,black
30305,17775,434.7253723,373.6655884,459.1047363,350.5440369,507.2746277,401.3344116,482.8952637,424.4559631,small vehicle,minivan,0,0,0,0,0,0,-1,-1,-1,-1,-1,-1,black
22684,17371,474.240509,497.9794312,461.3607483,472.2199402,525.7595215,440.0205688,538.6392822,465.7800598,small vehicle,sedan,0,0,0,0,0,0,-1,-1,-1,-1,-1,-1,white
12627,12642,440.7999878,169.5,467.2000122,169.5,467.2000122,235.5,440.7999878,235.5,small vehicle,sedan,0,0,0,0,0,0,-1,-1,-1,-1,-1,-1,blue
22046,19122,166.4269257,480.024231,166.5740509,453.6246643,229.5730743,453.975769,229.4259338,480.3753662,small vehicle,hatchback,0,0,0,0,0,0,-1,-1,-1,-1,-1,-1,white
20693,12417,804.3275146,396.6800842,782.7362061,397.2907104,780.6724243,324.3199158,802.2637939,323.709259,small vehicle,sedan,0,0,0,0,0,0,-1,-1,-1,-1,-1,-1,black
17299,18909,414.2633192,771.8382839,409.1660171,786.1107297,438.7303691,798.3442547,445.3568618,786.6204599,small vehicle,sedan,0,0,0,0,0,0,-1,-1,-1,-1,-1,-1,blue
34900,19165,859.0507813,479.3057251,853.9367676,455.8569031,895.9492188,446.6942749,901.0632324,470.1430969,small vehicle,sedan,0,0,0,0,0,0,-1,-1,-1,-1,-1,-1,white
23051,11437,646.2589111,1278.652954,623.725708,1270.391357,634.7410889,1240.347046,657.274292,1248.608643,small vehicle,sedan,0,0,0,0,0,0,-1,-1,-1,-1,-1,-1,white
31675,13290,710.1062012,21.25346756,696.22229,30.71274948,679.8937988,6.74653244,693.7776489,-2.712749481,small vehicle,sedan,0,0,0,0,0,0,-1,-1,-1,-1,-1,-1,silver/grey
32303,12771,1911.739771,560.7455957,1908.959424,576.500893,1947.884277,578.8178485,1946.957494,565.8428977,small vehicle,sedan,0,0,0,0,0,0,-1,-1,-1,-1,-1,-1,yellow
11860,10301,333.9393311,212.9623413,310.9740601,219.9334564,290.0606689,151.0376587,313.0259399,144.0665283,small vehicle,hatchback,0,0,0,0,0,0,-1,-1,-1,-1,-1,-1,silver/grey
15265,15853,449.2111933,30.55227681,440.2187955,-0.100353638,502.5980553,-18.47135386,511.590453,10.10035173,small vehicle,hatchback,0,0,0,0,0,0,-1,-1,-1,-1,-1,-1,blue
38978,11437,1027.911987,1525.385498,1045.771484,1518.33728,1060.088013,1554.614502,1042.228516,1561.66272,small vehicle,sedan,0,0,0,0,0,0,-1,-1,-1,-1,-1,-1,yellow
23209,13098,217.2907715,42.39336395,215.7882233,13.63258362,273.7092285,10.606637,275.211792,39.36741638,small vehicle,hatchback,0,0,0,0,0,0,-1,-1,-1,-1,-1,-1,white
39105,18246,471.6186523,2.107764721,495.2558289,-2.04956007,507.3813477,66.8922348,483.7441711,71.04956055,small vehicle,sedan,0,0,0,0,0,0,-1,-1,-1,-1,-1,-1,black
14021,13172,724.8079834,610.953125,700.8361206,587.4093018,756.1920166,531.046875,780.1638794,554.5906982,small vehicle,van,0,0,0,0,0,0,-1,-1,-1,-1,-1,0,white
14983,14641,633.8365479,509.8465576,629.6004639,488.6660156,702.1634521,474.1534424,706.3995361,495.3339844,small vehicle,sedan,0,0,0,0,0,0,-1,-1,-1,-1,-1,-1,silver/grey
29492,10423,132.1387283,519.017341,141.5028902,547.1098266,214.3352601,522.1387283,203.9306358,496.1271676,small vehicle,sedan,0,0,0,0,0,0,-1,-1,-1,-1,-1,-1,silver/grey
20484,13302,793.6109619,529.0460815,814.4598389,534.692627,801.3890381,582.9539795,780.5401611,577.307373,small vehicle,sedan,0,0,0,0,0,0,-1,-1,-1,-1,-1,-1,white
33677,16141,615.0718994,-5.481153488,643.8718872,-5.518812656,643.9281006,37.48115158,615.1281128,37.51881027,small vehicle,sedan,0,0,0,0,0,0,-1,-1,-1,-1,-1,-1,silver/grey
19569,11600,537.154541,152.7307434,537.8717041,126.3404846,608.845459,128.2692566,608.1282959,154.6595154,small vehicle,hatchback,0,0,0,0,0,0,-1,-1,-1,-1,-1,-1,silver/grey
28250,10953,177.0559998,521.2089233,173.4783783,487.7998962,266.9440002,477.7911072,270.5216064,511.2000732,small vehicle,sedan,0,0,0,0,0,0,-1,-1,-1,-1,-1,-1,silver/grey
38936,17711,2156.663574,2512.943604,2168.861084,2498.115723,2211.336426,2533.056396,2199.138916,2547.884277,small vehicle,sedan,0,0,0,0,0,0,-1,-1,-1,-1,-1,-1,white
15271,18316,837.8497925,424.0424194,859.8356323,401.9050903,898.1502686,439.9575806,876.1643677,462.0949097,small vehicle,sedan,0,0,0,0,0,0,-1,-1,-1,-1,-1,-1,black
39705,13098,220.5780347,57.05202312,285.0867052,49.76878613,291.3294798,77.86127168,225.7803468,84.10404624,small vehicle,hatchback,0,0,0,0,0,0,-1,-1,-1,-1,-1,-1,other
13539,13748,1241.200562,743.847168,1232.852173,718.8019409,1270.799438,706.152832,1279.147827,731.1980591,small vehicle,jeep,0,0,0,0,0,0,-1,-1,-1,-1,-1,-1,white
20187,19531,986.2397461,1127.95874,1002.924133,1114.240479,1039.760254,1159.04126,1023.075806,1172.759521,small vehicle,sedan,0,0,0,0,1,0,-1,-1,-1,-1,-1,-1,white
22141,12795,679.7739868,398.148468,692.1311035,383.4535217,734.2260132,418.851532,721.8688965,433.5464783,small vehicle,hatchback,0,0,0,0,0,0,-1,-1,-1,-1,-1,-1,silver/grey
13215,14858,3470.277832,261.1506653,3458.482422,252.8904114,3483.722168,216.8493347,3495.517578,225.1095886,small vehicle,pickup,0,0,1,0,0,0,-1,-1,-1,-1,-1,-1,white
37713,16168,596.2765503,347.4158936,584.6063232,308.3205566,650.7234497,288.5841064,662.3936768,327.6794434,small vehicle,jeep,0,0,0,0,0,0,-1,-1,-1,-1,-1,-1,black
35611,13910,152.5826416,244.1098938,128.5942383,244.8562469,126.4173584,174.8901062,150.4057617,174.1437378,small vehicle,sedan,0,0,0,0,0,0,-1,-1,-1,-1,-1,-1,silver/grey
21143,17836,139.5899048,141.2133484,117.1686249,149.7740784,95.41009521,92.78665924,117.8313751,84.22592163,small vehicle,hatchback,0,0,0,0,0,0,-1,-1,-1,-1,-1,-1,white
38785,14186,3001.600342,1531.146973,3012.691162,1526.565186,3031.399658,1571.853027,3020.308838,1576.434814,small vehicle,hatchback,0,0,0,0,0,0,-1,-1,-1,-1,-1,-1,silver/grey
19333,11489,239.4956665,66.57965088,235.3746796,40.5032692,305.5043335,29.42035675,309.6253052,55.49673843,small vehicle,sedan,0,1,0,0,0,0,-1,-1,-1,-1,-1,-1,silver/grey
22585,14023,157.1098266,243.2947977,181.0404624,250.5780347,163.3526012,313.0057803,138.3815029,308.8439306,small vehicle,hatchback,0,0,0,0,0,0,-1,-1,-1,-1,-1,-1,white
10226,15063,112.4321747,166.1916199,109.2980347,144.8202209,177.5678253,134.8083801,180.7019653,156.1797943,small vehicle,sedan,0,0,0,0,0,0,-1,-1,-1,-1,-1,-1,silver/grey
10598,17791,244.5152435,598.3547363,223.3024445,602.4262695,210.4847565,535.6452637,231.6975708,531.5737305,small vehicle,hatchback,0,0,0,0,0,0,-1,-1,-1,-1,-1,-1,silver/grey
33318,12208,296.7699585,346.4789429,317.4298706,340.1759338,335.2300415,398.5210571,314.5701599,404.8240662,small vehicle,jeep,0,0,0,0,0,0,-1,-1,-1,-1,-1,-1,white
25637,19531,1713.055664,803.5048828,1712.003662,781.930481,1761.944336,779.4951172,1762.996338,801.069519,small vehicle,sedan,0,0,0,0,0,0,-1,-1,-1,-1,-1,-1,yellow
30756,13981,624.2774566,175.6647399,620.1156069,203.7572254,696.0693642,214.1618497,699.1907514,187.1098266,small vehicle,sedan,0,0,0,0,0,0,-1,-1,-1,-1,-1,-1,other
12602,19822,855.7982788,39.10165405,852.8735962,22.55818558,896.2017212,14.89835167,899.1264038,31.44182014,small vehicle,hatchback,0,0,0,0,0,0,-1,-1,-1,-1,-1,-1,white
31302,11277,801.0372314,143.9871368,824.9018555,141.4415741,832.9627686,217.0128784,809.0981445,219.5584412,small vehicle,sedan,0,0,0,0,0,0,-1,-1,-1,-1,-1,-1,other
39562,12789,549.5842285,527.8550415,518.3928223,527.1211548,520.4157715,441.144928,551.6071777,441.8788452,small vehicle,pickup,0,0,1,0,0,0,-1,-1,-1,-1,-1,-1,white
20001,13084,2265.66748,1055.680908,2249.786865,1034.591431,2287.33252,1006.319092,2303.213135,1027.408569,small vehicle,sedan,0,0,0,0,0,0,-1,-1,-1,-1,-1,-1,yellow
26406,19725,1252.364746,2636.650635,1249.142334,2612.868164,1304.635254,2605.349365,1307.857666,2629.131836,small vehicle,sedan,0,0,0,0,0,0,-1,-1,-1,-1,-1,-1,yellow
29230,15826,284.2132568,511.4148254,302.6638184,522.6459351,266.7867432,581.585144,248.3361969,570.3540649,small vehicle,jeep,0,0,0,0,0,0,-1,-1,-1,-1,-1,-1,silver/grey
23928,18224,527.2513428,398.3684082,548.3880005,393.9185791,560.7486572,452.6315918,539.6119995,457.0814209,small vehicle,jeep,0,0,0,0,0,0,-1,-1,-1,-1,-1,-1,silver/grey
25736,17303,98.07796478,420.9415894,72.48568726,434.1504822,39.9220314,371.0584106,65.51430511,357.8495178,small vehicle,sedan,0,0,0,0,0,0,-1,-1,-1,-1,-1,-1,black
38735,16667,271.2380066,71.08097076,296.6003723,49.04212189,347.7619934,107.9190292,322.3996277,129.9578857,small vehicle,sedan,0,0,0,0,0,0,-1,-1,-1,-1,-1,-1,silver/grey
37441,12837,433.844635,32.54925537,427.538269,1.993242264,493.155365,-11.54925346,499.461731,19.00675964,small vehicle,sedan,0,0,0,0,0,0,-1,-1,-1,-1,-1,-1,blue
20081,19660,3927.762695,1875.037964,3941.322266,1858.224243,3973.237305,1883.962036,3959.677734,1900.775757,small vehicle,hatchback,0,0,0,0,0,0,-1,-1,-1,-1,-1,-1,green
39987,17856,1949.555054,1402.317261,1949.445801,1387.917725,1980.444946,1387.682739,1980.554199,1402.082275,small vehicle,sedan,0,0,0,0,0,0,-1,-1,-1,-1,-1,-1,black
13153,19531,3019.206299,1093.0625,3031.414551,1072.399536,3084.793701,1103.9375,3072.585449,1124.600464,small vehicle,sedan,0,0,0,0,0,0,-1,-1,-1,-1,-1,-1,black
21126,14206,429.5554504,346.1838379,460.309906,340.9299927,473.4445496,417.8161621,442.690094,423.0700073,small vehicle,hatchback,0,0,0,0,0,0,-1,-1,-1,-1,-1,-1,black
26102,17541,805.1672974,505.4275513,803.0240479,476.707428,871.8327026,471.5724487,873.9759521,500.292572,small vehicle,sedan,0,0,0,0,0,0,-1,-1,-1,-1,-1,-1,white
18442,14015,142.3670197,281.6106873,175.1450348,274.2240906,191.6329803,347.3893127,158.8549652,354.7759094,small vehicle,sedan,0,0,0,0,0,0,-1,-1,-1,-1,-1,-1,red
25570,14928,753.9486694,270.5707397,757.5915527,303.9726868,680.0512695,312.4292603,676.4084473,279.0273132,small vehicle,sedan,0,0,0,0,0,0,-1,-1,-1,-1,-1,-1,silver/grey
14250,19725,3950.160156,942.1356812,3966.133789,947.340271,3956.839844,975.8643188,3940.866211,970.659729,small vehicle,jeep,0,0,0,0,0,0,-1,-1,-1,-1,-1,-1,white
38356,14039,131.5240784,502.7121887,154.354126,495.3102112,173.4759216,554.2877808,150.645874,561.6898193,small vehicle,hatchback,0,0,0,0,0,0,-1,-1,-1,-1,-1,-1,silver/grey
24400,16389,1752.225952,152.1997833,1761.802368,152.8712311,1759.774048,181.8002167,1750.197632,181.1287689,small vehicle,sedan,0,0,0,0,0,0,-1,-1,-1,-1,-1,-1,white
26585,19970,435.5380859,39.90873718,461.5349731,35.31283951,475.4619141,114.0912628,449.4650269,118.6871643,small vehicle,sedan,0,0,0,0,0,0,-1,-1,-1,-1,-1,-1,white
24967,19714,895.7202992,578.4677918,862.6518167,580.5009572,848.198776,518.6940579,885.4291082,516.6609536,small vehicle,sedan,0,0,0,0,0,0,-1,-1,-1,-1,-1,-1,black
11503,17513,260.4687195,128.1956482,264.0409241,99.61804962,329.5312805,107.8043442,325.9590759,136.381958,small vehicle,jeep,0,0,0,0,0,0,-1,-1,-1,-1,-1,-1,silver/grey
11862,16028,820.2851563,602.7921143,820.7214355,569.1949463,898.7148438,570.2078857,898.2785645,603.8050537,small vehicle,van,0,0,0,0,0,0,-1,-1,-1,-1,-1,0,white
31202,13084,784.9227436,2186.958441,796.1987258,2169.418024,834.4117766,2201.993084,823.1357944,2214.521953,small vehicle,pickup,0,0,1,0,0,0,-1,-1,-1,-1,-1,-1,white
39483,10574,873.946228,199.2113342,899.1837769,206.9589996,878.053772,275.7886658,852.8162231,268.0410156,small vehicle,hatchback,0,0,0,0,0,0,-1,-1,-1,-1,-1,-1,silver/grey
21654,10423,314.6773987,65.99919128,307.075592,40.71732712,369.3226318,22.00080109,376.924408,47.28266907,small vehicle,minivan,0,0,0,0,0,0,-1,-1,-1,-1,-1,-1,white
21707,18409,870.1330566,380.6315918,843.7686157,379.2620239,847.8669434,300.3684082,874.2314453,301.7379761,small vehicle,sedan,0,0,0,0,0,0,-1,-1,-1,-1,-1,-1,silver/grey
15391,17266,614.229187,2018.903442,626.9104004,2007.884033,655.770813,2041.096558,643.0895996,2052.115967,small vehicle,hatchback,0,0,0,0,0,1,-1,-1,-1,-1,-1,-1,white
30699,13761,423.3071594,205.7529449,396.9447021,207.1603088,393.6928406,146.2470551,420.0552979,144.8396912,small vehicle,hatchback,0,0,0,0,0,0,-1,-1,-1,-1,-1,-1,silver/grey
36099,11074,61.24095917,458.2550964,59.10653305,436.7608337,129.7590485,429.7449036,131.8934631,451.2391663,small vehicle,sedan,0,0,0,0,0,0,-1,-1,-1,-1,-1,-1,silver/grey
20267,15909,817.196167,96.54883575,838.1412964,91.27032471,852.803833,149.4511719,831.8587036,154.7296753,small vehicle,sedan,0,0,0,0,0,0,-1,-1,-1,-1,-1,-1,white
20313,10866,20.51779938,259.5335693,-3.862417221,249.4061432,11.48219872,212.4664307,35.86241531,222.5938721,small vehicle,sedan,0,0,0,0,0,0,-1,-1,-1,-1,-1,-1,white
18263,14742,852.8812725,1353.074596,847.8260969,1364.448741,881.5272676,1373.295298,884.8973846,1360.236095,small vehicle,sedan,1,0,0,0,0,1,-1,-1,-1,-1,-1,-1,white
25855,14971,64.75821686,227.6925659,85.31703949,221.0672455,109.2417831,295.3074341,88.68296051,301.9327393,small vehicle,sedan,0,0,0,0,0,0,-1,-1,-1,-1,-1,-1,silver/grey
20607,10744,297.0843811,407.0179138,310.7657166,402.5255432,332.9156189,469.9820557,319.2342834,474.4744568,small vehicle,sedan,0,0,0,0,0,0,-1,-1,-1,-1,-1,-1,white
38303,13124,2724.884142,947.7316284,2714.287354,937.2397194,2753.963328,900.6988775,2764.560117,911.1907865,small vehicle,jeep,1,0,0,0,0,0,-1,-1,-1,-1,-1,-1,silver/grey
31635,19873,763.9575195,185.7165527,757.3262939,165.1596375,822.0424805,144.2834473,828.6737061,164.8403625,small vehicle,hatchback,0,0,0,0,0,0,-1,-1,-1,-1,-1,-1,silver/grey
38082,13861,894.4994507,562.2172241,878.8757935,551.0574341,890.5005493,534.7827759,906.1242065,545.9425659,small vehicle,sedan,0,0,0,0,0,0,-1,-1,-1,-1,-1,-1,white
37221,11301,702.6242676,338.9533691,685.7666626,352.4582214,641.3757324,297.0466309,658.2333374,283.5417786,small vehicle,minivan,0,1,0,0,0,0,-1,-1,-1,-1,-1,-1,white
10887,19531,788.6339111,927.8119507,805.2865601,925.5915527,811.3660889,971.1880493,794.7134399,973.4084473,small vehicle,hatchback,0,0,0,0,0,0,-1,-1,-1,-1,-1,-1,white
18623,15402,2394.074463,169.6897583,2412.062012,176.404541,2394.925537,222.3102417,2376.937988,215.595459,small vehicle,hatchback,0,0,0,0,0,0,-1,-1,-1,-1,-1,-1,white
38128,11824,744.2138062,105.6899796,725.5674438,90.57997894,772.7861938,32.31001282,791.4325562,47.42001343,small vehicle,jeep,1,0,0,0,1,0,-1,-1,-1,-1,-1,-1,white
39497,14393,359.9883728,448.801178,380.7882996,442.9768372,401.0116577,515.1988525,380.2117004,521.0231934,small vehicle,sedan,0,0,0,0,0,0,-1,-1,-1,-1,-1,-1,silver/grey
21290,18651,76.5531311,173.0274048,57.50139999,175.4088745,48.44686508,102.9725876,67.49859619,100.5911179,small vehicle,jeep,1,0,0,0,0,0,-1,-1,-1,-1,-1,-1,white
27764,13535,558.7286377,103.7950974,566.0782471,78.43878174,634.2713623,98.20490265,626.9217529,123.5612183,small vehicle,van,0,0,0,0,0,0,-1,-1,-1,-1,-1,0,silver/grey
20133,19852,159.3900146,449.0243225,138.414856,454.1821289,123.6100006,393.975708,144.585144,388.8178711,small vehicle,hatchback,0,0,0,0,0,0,-1,-1,-1,-1,-1,-1,blue
16333,15476,44.36421967,577.6759644,61.1606369,577.3289185,61.63578033,600.3240356,44.8393631,600.6710815,small vehicle,sedan,0,0,0,0,0,0,-1,-1,-1,-1,-1,-1,white
32545,10172,3589.499512,2554.537842,3606.299316,2554.462646,3606.500488,2599.462158,3589.700684,2599.537354,small vehicle,sedan,0,0,0,0,0,0,-1,-1,-1,-1,-1,-1,white
13234,19361,354.1430359,1576.964355,373.3222656,1576.071411,374.8569641,1609.035645,355.6777344,1609.928589,small vehicle,sedan,0,0,0,0,0,0,-1,-1,-1,-1,-1,-1,silver/grey
17113,18084,336.7253418,102.9691391,358.3074951,102.0911865,361.2746582,175.0308533,339.6925049,175.9088135,small vehicle,hatchback,0,0,0,0,0,0,-1,-1,-1,-1,-1,-1,blue
21701,10334,105.2694778,463.1006775,111.9885406,447.7028198,169.7305298,472.8993225,163.0114594,488.2971802,small vehicle,sedan,0,0,0,0,0,0,-1,-1,-1,-1,-1,-1,white
10650,10172,1857.375488,828.9811401,1875.672119,817.5009155,1908.624512,870.0188599,1890.327881,881.4990845,small vehicle,pickup,0,0,1,0,0,0,-1,-1,-1,-1,-1,-1,silver/grey
25127,10513,630.5998921,85.35785843,628.0011972,66.33452779,685.4674893,58.48434867,688.0661851,77.50767174,small vehicle,hatchback,0,0,0,0,0,0,-1,-1,-1,-1,-1,-1,black
21559,10493,2466.418457,2005.614868,2484.21582,2012.818604,2466.581543,2056.38501,2448.78418,2049.181396,small vehicle,sedan,0,0,0,0,0,1,-1,-1,-1,-1,-1,-1,silver/grey
16580,18229,353.8449097,593.6535645,340.2511902,562.9261475,416.1550903,529.3464355,429.7488098,560.0738525,small vehicle,minivan,0,0,0,0,0,0,-1,-1,-1,-1,-1,-1,white
12346,10334,1020.264404,688.2523193,1010.115173,666.5039063,1071.735596,637.7476807,1081.884888,659.4960938,small vehicle,pickup,0,0,1,0,0,0,-1,-1,-1,-1,-1,-1,green
37455,17232,544.6119385,321.0286865,518.2359009,319.9041443,521.3880615,245.9713135,547.7640991,247.0958557,small vehicle,minivan,0,0,0,0,0,0,-1,-1,-1,-1,-1,-1,white
22734,13046,250.1651917,151.9889832,223.8999939,154.6535645,216.8348236,85.01102448,243.1000061,82.34645081,small vehicle,hatchback,0,0,0,0,0,0,-1,-1,-1,-1,-1,-1,blue
12841,12299,691.9821777,218.4103394,713.5814209,218.592041,713.0178223,285.5896606,691.4185791,285.407959,small vehicle,sedan,0,1,0,0,0,0,-1,-1,-1,-1,-1,-1,white
29455,13864,279.5979004,27.05588913,274.495636,1.153633118,331.4020996,-10.05588722,336.504364,15.84636879,small vehicle,hatchback,0,1,0,0,0,0,-1,-1,-1,-1,-1,-1,silver/grey
21341,17266,1065.953491,1256.509033,1081.338379,1245.022217,1113.046509,1287.490967,1097.661621,1298.977783,small vehicle,sedan,1,0,0,0,0,0,-1,-1,-1,-1,-1,-1,white
33505,11044,281.3987732,301.5687866,276.0932312,283.1163635,337.6012573,265.4312439,342.9067993,283.8836365,small vehicle,hatchback,0,0,0,0,0,0,-1,-1,-1,-1,-1,-1,white
17758,10047,424.1247864,438.4435425,439.2589722,413.9405518,509.8752136,457.5564575,494.7410278,482.0594482,small vehicle,pickup,0,0,0,0,0,0,-1,-1,-1,-1,-1,-1,white
28211,11104,733.2822266,237.3987427,757.2813721,237.6036682,756.7177734,303.6012573,732.7186279,303.3963318,small vehicle,sedan,0,0,0,0,0,0,-1,-1,-1,-1,-1,-1,white
16150,14498,770.5994873,137.0763245,804.1881714,137.9468384,802.4005127,206.9236755,768.8118286,206.0531616,small vehicle,sedan,0,0,0,0,0,0,-1,-1,-1,-1,-1,-1,black
22582,11144,563.9306358,565.8381503,587.8612717,557.5144509,599.3063584,594.9710983,577.4566474,600.1734104,small vehicle,sedan,0,0,0,0,0,0,-1,-1,-1,-1,-1,-1,black
31892,18569,644.546875,6.10516119,680.4308472,3.21714282,688.453125,102.8948364,652.5691528,105.7828522,small vehicle,van,0,0,0,0,0,0,-1,-1,-1,-1,-1,1,yellow
20287,12697,35.34905624,390.0366821,38.88946533,351.8002319,94.65093994,356.9633179,91.11052704,395.1997681,small vehicle,sedan,0,0,0,0,0,0,-1,-1,-1,-1,-1,-1,silver/grey
10794,12263,196.9073639,184.3556824,203.8604584,163.9053802,253.0926361,180.6443176,246.1395264,201.0946198,small vehicle,hatchback,0,0,0,0,0,1,-1,-1,-1,-1,-1,-1,other
15410,12202,595.4370117,463.1265869,618.5419312,456.6332703,638.5629883,527.8734131,615.4580688,534.3666992,small vehicle,sedan,0,0,0,0,0,0,-1,-1,-1,-1,-1,-1,silver/grey
14059,14225,664.4824635,136.6797868,690.6599925,126.0451089,705.6389238,165.2797508,679.4613947,177.9953536,small vehicle,jeep,0,0,0,0,0,0,-1,-1,-1,-1,-1,-1,black
18875,14069,136.1119537,525.4658203,112.2223816,523.1660767,119.8880463,443.5342102,143.7776184,445.8338928,small vehicle,sedan,0,0,0,0,0,0,-1,-1,-1,-1,-1,-1,silver/grey
17911,10609,562.0526123,332.0550842,557.7689819,306.0049438,618.9473877,295.9449158,623.2310181,321.9950562,small vehicle,hatchback,0,0,0,0,0,0,-1,-1,-1,-1,-1,-1,white
35351,12798,146.8094635,265.177063,125.218277,265.7939758,123.1905365,194.822937,144.781723,194.2060394,small vehicle,sedan,0,0,0,0,0,0,-1,-1,-1,-1,-1,-1,white
23810,15105,714.1094971,182.1930542,735.7000122,182.8338013,733.8905029,243.8069458,712.2999878,243.1661987,small vehicle,hatchback,0,0,0,0,0,0,-1,-1,-1,-1,-1,-1,silver/grey
29089,11226,118.4688263,249.7571716,82.47261047,249.2351532,83.53117371,176.2428284,119.5273895,176.7648621,small vehicle,sedan,1,0,0,0,0,0,-1,-1,-1,-1,-1,-1,black
19604,17773,424.1615295,365.8141479,445.7103577,364.3280334,449.8384705,424.1858521,428.2896423,425.6719666,small vehicle,hatchback,0,0,0,0,0,0,-1,-1,-1,-1,-1,-1,silver/grey
17030,17090,289.9844971,220.9502869,312.6095276,203.1304016,359.0155029,262.0497131,336.3905029,279.8696289,small vehicle,sedan,0,0,0,0,0,0,-1,-1,-1,-1,-1,-1,silver/grey
26950,19531,3097.266113,1147.969238,3107.77417,1123.75061,3163.733887,1148.030762,3153.22583,1172.24939,small vehicle,hatchback,0,0,0,0,0,0,-1,-1,-1,-1,-1,-1,black
13870,11871,841.3961182,127.0471039,845.1829834,100.9201126,900.6038818,108.9528961,896.8170166,135.0798798,small vehicle,sedan,1,0,0,0,0,0,-1,-1,-1,-1,-1,-1,silver/grey
17761,12406,1137.714976,437.8149589,1137.714976,458.5238335,1192.075772,452.828893,1189.487163,433.673184,small vehicle,sedan,1,0,0,0,0,0,-1,-1,-1,-1,-1,-1,white
17212,14492,176.4176636,148.6643982,195.5167236,146.6983185,202.5823364,215.3356018,183.4832611,217.3016815,small vehicle,sedan,0,0,0,0,0,0,-1,-1,-1,-1,-1,-1,white
36095,11078,482.7627563,114.5172806,509.1627197,114.4827576,509.2372437,171.4827118,482.8372803,171.5172424,small vehicle,hatchback,0,0,0,0,0,0,-1,-1,-1,-1,-1,-1,silver/grey
26744,19725,397.8209839,2359.786621,392.59198,2346.369629,439.1790161,2328.213379,444.40802,2341.630371,small vehicle,hatchback,0,0,0,0,0,0,-1,-1,-1,-1,-1,-1,green
20933,11709,741.2635498,430.7315369,762.5775146,434.235199,750.7364502,506.2684631,729.4224854,502.764801,small vehicle,sedan,0,0,0,0,0,0,-1,-1,-1,-1,-1,-1,silver/grey
10741,11771,700.1275024,258.2349243,675.9970703,273.9562683,632.8724976,207.7650909,657.0029297,192.0437317,small vehicle,sedan,0,0,0,0,0,0,-1,-1,-1,-1,-1,-1,silver/grey
24388,18824,696.4822388,207.4388733,674.8826294,207.5601196,674.5177612,142.5611267,696.1174316,142.4398956,small vehicle,hatchback,0,0,0,0,0,0,-1,-1,-1,-1,-1,-1,white
13272,14858,3718.470703,1959.117676,3729.764648,1937.941162,3791.529297,1970.882324,3780.235352,1992.058838,small vehicle,van,0,0,0,0,0,1,-1,-1,-1,-1,-1,0,white
10371,15977,432.8161316,321.5979919,450.3602905,301.8707886,498.1838379,344.4020081,480.6397095,364.1292114,small vehicle,hatchback,0,0,0,0,0,0,-1,-1,-1,-1,-1,-1,black
38745,12201,6.869821548,111.043869,33.25201416,112.0134735,30.13018227,196.956131,3.747991562,195.9865265,small vehicle,van,0,0,0,0,0,1,-1,-1,-1,-1,-1,0,white
29081,17189,881.4943237,508.3532104,905.4924316,508.6529541,904.5057373,587.6467896,880.5075684,587.3470459,small vehicle,sedan,0,0,0,0,0,0,-1,-1,-1,-1,-1,-1,silver/grey
17208,17711,197.8293457,87.82872009,209.741394,72.77072906,248.1706543,103.1712723,236.258606,118.2292633,small vehicle,hatchback,1,0,0,0,0,0,-1,-1,-1,-1,-1,-1,blue
10858,16067,858.0213623,541.2150879,882.7958984,532.0947266,906.9786377,597.7849121,882.2041016,606.9052734,small vehicle,sedan,0,0,0,0,0,0,-1,-1,-1,-1,-1,-1,silver/grey
14886,13868,23.93063584,462.8323699,6.242774566,462.8323699,6.242774566,526.300578,27.05202312,526.300578,small vehicle,hatchback,0,0,0,0,0,0,-1,-1,-1,-1,-1,-1,black
23240,13864,280.659729,77.15876007,276.1888733,48.70789719,345.340271,37.84124756,349.8111267,66.29211426,small vehicle,sedan,0,0,0,0,0,0,-1,-1,-1,-1,-1,-1,white
24447,13586,162.462204,-0.637107372,181.170517,-4.95441103,193.537796,48.63710785,174.829483,52.95441055,small vehicle,jeep,0,0,0,0,0,0,-1,-1,-1,-1,-1,-1,white
34232,15443,1939.641968,1710.310181,1951.421753,1698.332031,1986.358032,1732.689819,1974.578247,1744.667969,small vehicle,hatchback,0,0,0,0,0,0,-1,-1,-1,-1,-1,-1,white
23436,11082,372.290863,284.4083862,393.6595459,281.2556152,402.7091064,342.5916138,381.3404541,345.7443848,small vehicle,hatchback,0,0,0,0,0,0,-1,-1,-1,-1,-1,-1,white
26008,18204,600.7767944,163.4319,624.1452637,157.9626465,636.2232056,209.5680847,612.8547363,215.0373535,small vehicle,hatchback,0,0,0,0,0,1,-1,-1,-1,-1,-1,-1,silver/grey
26951,17711,1249.557983,1995.456543,1261.227173,1983.370483,1291.442017,2012.543457,1279.772827,2024.629395,small vehicle,hatchback,0,0,0,0,0,0,-1,-1,-1,-1,-1,-1,white
29517,10423,426.2845459,286.9786072,402.0828857,297.5255737,375.7154236,237.0213928,399.9171143,226.474411,small vehicle,jeep,1,0,0,0,1,0,-1,-1,-1,-1,-1,-1,red
15510,16250,833.0806885,585.8695679,847.1976318,576.7618408,862.9193115,601.1304321,848.8023682,610.2381592,small vehicle,sedan,0,0,0,0,0,0,-1,-1,-1,-1,-1,-1,silver/grey
29898,12948,599.395874,583.5252686,616.6114502,566.8032837,639.604126,590.4747314,622.3885498,607.1966553,small vehicle,sedan,0,0,0,0,0,0,-1,-1,-1,-1,-1,-1,silver/grey
16131,18883,167.4591827,476.6541138,179.3380737,455.8000488,257.540802,500.3458862,245.661911,521.1999512,small vehicle,sedan,0,0,0,0,0,0,-1,-1,-1,-1,-1,-1,silver/grey
19418,15521,475.2901917,35.81974411,478.616272,14.47736549,553.7098389,26.1802597,550.383728,47.52263641,small vehicle,hatchback,0,0,0,0,0,0,-1,-1,-1,-1,-1,-1,blue
21119,10172,1309.58374,1207.855103,1322.766968,1221.813721,1286.41626,1256.144897,1273.233032,1242.186279,small vehicle,sedan,0,0,0,0,0,0,-1,-1,-1,-1,-1,-1,other
16430,19583,600.4990234,134.8722229,582.8016357,103.5225525,645.5009766,68.12776184,663.1983643,99.47743225,small vehicle,hatchback,0,0,0,0,0,0,-1,-1,-1,-1,-1,-1,black
28194,12798,173.6662903,598.5900269,149.6790314,599.3717651,147.3336945,527.4099731,171.3209686,526.6282349,small vehicle,minivan,0,0,0,0,0,0,-1,-1,-1,-1,-1,-1,white
28400,10047,166.1345825,390.1030579,188.1461792,408.6753235,166.8654327,433.8969421,144.8538361,415.3246765,small vehicle,sedan,0,0,0,0,0,0,-1,-1,-1,-1,-1,-1,white
22482,13868,278.3067932,257.847168,302.2633667,259.2903748,297.6932068,335.152832,273.7366333,333.7096252,small vehicle,sedan,0,0,0,0,0,0,-1,-1,-1,-1,-1,-1,silver/grey
27670,12446,1797.763672,224.8818359,1812.920654,232.1280975,1795.236328,269.1181641,1780.079346,261.8718872,small vehicle,hatchback,0,0,0,0,0,0,-1,-1,-1,-1,-1,-1,white
23164,10180,265.0240173,379.6036682,264.0292358,353.2224121,338.9759827,350.3963318,339.9707642,376.7775879,small vehicle,sedan,0,0,0,0,0,0,-1,-1,-1,-1,-1,-1,silver/grey
32306,17595,171.9280808,956.4254218,164.0831596,942.9769855,198.2646019,923.3646826,206.6698745,936.2527673,small vehicle,hatchback,0,1,0,0,0,0,-1,-1,-1,-1,-1,-1,white
10140,16479,458.8439306,326.5317919,489.017341,329.6531792,473.4104046,400.4046243,449.4797688,398.3236994,small vehicle,sedan,0,0,0,0,0,0,-1,-1,-1,-1,-1,-1,silver/grey
10620,19660,484.6201376,208.2443054,497.1698226,195.1241801,530.2553558,233.9141157,515.9943501,245.8933605,small vehicle,sedan,1,0,0,0,0,1,-1,-1,-1,-1,-1,-1,blue
10836,16401,82.03839111,469.7793579,111.3098526,458.9801941,137.9616089,531.2206421,108.6901474,542.0198364,small vehicle,sedan,0,0,0,0,0,0,-1,-1,-1,-1,-1,-1,blue
31210,12329,770.9667969,226.2874451,794.2102661,232.2658386,774.0332031,310.7125549,750.7897339,304.7341614,small vehicle,sedan,0,0,0,0,0,0,-1,-1,-1,-1,-1,-1,white
27542,13124,2638.125977,773.2811279,2620.809814,753.3535767,2669.874023,710.7188721,2687.190186,730.6464233,small vehicle,sedan,0,1,0,0,1,0,-1,-1,-1,-1,-1,-1,black
33560,17090,682.8355103,516.9969482,706.6209717,500.7583008,751.1644897,566.0030518,727.3790283,582.2416992,small vehicle,sedan,0,0,0,0,0,0,-1,-1,-1,-1,-1,-1,silver/grey
33243,10263,465.5093384,405.996521,489.5093384,406.0035095,489.4906921,470.003479,465.4906921,469.996521,small vehicle,sedan,0,0,0,0,0,0,-1,-1,-1,-1,-1,-1,silver/grey
18239,15681,567.1665039,478.1760254,543.7852783,472.7615356,561.8334961,394.8239746,585.2147217,400.2384644,small vehicle,van,0,0,0,0,0,0,-1,-1,-1,-1,-1,0,white
27924,16067,875.8863525,181.0335846,856.4286499,190.4122314,832.1136475,139.9664154,851.5713501,130.5877686,small vehicle,hatchback,0,0,0,0,0,0,-1,-1,-1,-1,-1,-1,silver/grey
39486,17711,1887.229214,2223.220431,1881.144289,2203.808191,1922.882813,2182.196533,1933.523568,2200.469785,small vehicle,hatchback,0,0,0,0,0,0,-1,-1,-1,-1,-1,-1,black
39599,16448,491.1960144,115.7274857,480.5891113,76.33036041,558.8039551,55.27251434,569.4108887,94.66963959,small vehicle,jeep,0,0,0,0,1,0,-1,-1,-1,-1,-1,-1,black
21759,10177,262.3084717,332.4620361,268.1565552,311.6687622,331.6915283,329.5379639,325.8434143,350.3312378,small vehicle,hatchback,0,0,0,0,0,0,-1,-1,-1,-1,-1,-1,blue
26272,19725,1709.602783,455.6872559,1722.604004,461.8782959,1702.397095,504.3127441,1689.395996,498.1217041,small vehicle,sedan,0,0,0,0,0,1,-1,-1,-1,-1,-1,-1,white
27061,14307,245.4107361,152.2523041,239.2040253,131.5632629,298.5892639,113.7476959,304.7959595,134.4367371,small vehicle,jeep,1,0,0,0,0,0,-1,-1,-1,-1,-1,-1,silver/grey
34117,17711,273.9038696,1101.665649,287.40448,1115.317627,261.0960999,1141.334351,247.5955353,1127.682373,small vehicle,minivan,0,0,0,0,0,1,-1,-1,-1,-1,-1,-1,white
23208,12363,642.1673584,318.1703491,663.6700439,316.122467,669.8326416,380.8296509,648.3299561,382.877533,small vehicle,sedan,0,0,0,0,0,0,-1,-1,-1,-1,-1,-1,white
15802,13748,65.0446968,236.7869239,60.11050839,268.2423749,76.14662071,268.8591485,81.69758266,235.5533768,small vehicle,sedan,0,0,0,0,0,0,-1,-1,-1,-1,-1,-1,white
17371,18145,604.1825562,313.1010437,627.7164917,308.3942566,642.8174438,383.8989563,619.2835083,388.6057434,small vehicle,hatchback,0,0,0,0,0,0,-1,-1,-1,-1,-1,-1,silver/grey
36748,17965,11.1943512,240.2901001,11.82845211,223.5020752,43.8056488,224.7098846,43.17154694,241.4979248,small vehicle,sedan,0,0,0,0,0,0,-1,-1,-1,-1,-1,-1,red
32351,14540,1676.07957,363.520203,1681.640263,374.1781982,1707.126774,355.6425543,1703.419645,345.4479502,small vehicle,sedan,1,0,0,0,0,0,-1,-1,-1,-1,-1,-1,red
28293,17751,485.5559387,122.4382706,516.3760986,117.5844574,529.4440308,200.5617371,498.6239319,205.4155579,small vehicle,hatchback,1,0,0,0,0,0,-1,-1,-1,-1,-1,-1,silver/grey
26465,13868,195.8449097,253.5087891,217.3060455,255.954071,209.1550903,327.4912109,187.6939545,325.045929,small vehicle,sedan,0,0,0,0,0,0,-1,-1,-1,-1,-1,-1,silver/grey
20773,10002,757.7840576,375.6576538,728.9916992,376.3218384,727.2159424,299.3423462,756.0083008,298.6781616,small vehicle,sedan,0,0,0,0,0,0,-1,-1,-1,-1,-1,-1,white
23590,18130,3452.116699,1512.5177,3467.644531,1523.810547,3435.883301,1567.4823,3420.355469,1556.189453,small vehicle,sedan,0,0,0,0,0,0,-1,-1,-1,-1,-1,-1,white
33921,14492,652.378479,398.4738464,673.9069824,396.7180786,678.621521,454.5261536,657.0930176,456.2819214,small vehicle,hatchback,0,0,0,0,0,0,-1,-1,-1,-1,-1,-1,silver/grey
26405,18698,222.4292603,310.84198,237.9176941,329.1752319,177.5707397,380.15802,162.0822906,361.8247681,small vehicle,sedan,0,0,0,0,0,0,-1,-1,-1,-1,-1,-1,white
28404,14428,157.8894348,500.0047913,189.0894318,499.9952393,189.1105652,568.9952393,157.9105682,569.0047607,small vehicle,sedan,0,0,0,0,0,0,-1,-1,-1,-1,-1,-1,black
27635,17711,1050.881226,1866.800903,1066.8479,1872.026367,1049.118774,1926.199097,1033.1521,1920.973633,small vehicle,sedan,0,0,0,0,0,0,-1,-1,-1,-1,-1,-1,other
11348,19852,733.894131,403.9643105,722.2514271,374.4258568,788.0249442,368.1166144,799.6676481,397.6550681,small vehicle,hatchback,0,0,0,0,0,0,-1,-1,-1,-1,-1,-1,black
29025,17672,721.920388,296.1302741,712.743265,282.0582855,761.3251782,250.3755017,770.5022985,264.4475053,small vehicle,jeep,0,0,0,0,0,0,-1,-1,-1,-1,-1,-1,blue
29317,15037,443.6275384,290.0808989,476.3034254,288.1566133,475.4533864,356.8381762,442.7774995,358.7624619,small vehicle,sedan,0,0,0,0,0,0,-1,-1,-1,-1,-1,-1,black
14967,10172,940.6584473,2128.722168,930.809082,2118.217285,956.3415527,2094.277832,966.190918,2104.782715,small vehicle,sedan,1,0,0,0,0,1,-1,-1,-1,-1,-1,-1,other
11341,18246,357.4016113,87.69676971,381.3985596,87.31282043,382.5983887,162.3032227,358.6014404,162.6871643,small vehicle,sedan,1,0,0,0,0,0,-1,-1,-1,-1,-1,-1,silver/grey
17755,19548,451.4530334,394.4024048,426.8902588,384.7261658,452.5469666,319.5975952,477.1097412,329.2738342,small vehicle,sedan,0,1,0,0,0,0,-1,-1,-1,-1,-1,-1,white
28119,12446,2102.45166,2053.345215,2120.48291,2065.238037,2088.54834,2113.654785,2070.51709,2101.761963,small vehicle,sedan,1,0,0,0,0,0,-1,-1,-1,-1,-1,-1,white
16870,10538,191.2162476,187.6155701,180.2332611,155.8612823,256.7837524,129.3844299,267.7667236,161.1387177,small vehicle,minivan,0,0,0,0,0,0,-1,-1,-1,-1,-1,-1,white
18619,17711,1393.066772,1968.626709,1405.077515,1950.673828,1459.933228,1987.373291,1447.922485,2005.326172,small vehicle,pickup,0,0,1,0,0,0,-1,-1,-1,-1,-1,-1,white
37801,18428,29.34767151,276.3768005,30.72276497,233.1987,169.6523285,237.6231995,168.2772369,280.8013,large vehicle,light truck,-1,-1,0,-1,-1,0,0,0,0,0,0,-1,white
26731,18416,238.21698,-0.006561041,283.8052063,1.029533148,281.78302,90.00656128,236.1947784,88.97046661,large vehicle,truck,-1,-1,0,-1,-1,0,0,0,1,0,0,-1,white
11553,12170,662.2433537,2045.765434,683.8841277,2018.429719,753.3624019,2067.975702,735.1385922,2095.88091,large vehicle,light truck,-1,-1,0,-1,-1,0,1,0,0,0,0,-1,white
36014,16389,581.3247471,514.116538,581.8344773,530.9376348,643.5118323,523.2916817,643.0021021,505.9608547,large vehicle,light truck,-1,-1,0,-1,-1,0,0,0,0,0,0,-1,white
11709,14016,1362.720774,2632.134149,1382.028198,2641.858398,1368.422991,2667.745181,1349.115567,2657.394488,large vehicle,truck,-1,-1,0,-1,-1,1,0,0,0,0,0,-1,white
11130,14742,1630.151647,1121.262057,1628.481934,1101.578735,1670.338623,1098.11145,1671.498606,1115.755851,large vehicle,light truck,-1,-1,0,-1,-1,0,0,0,0,0,0,-1,white
31122,14437,83.84372711,377.6447754,77.26560211,344.6949768,184.1562805,323.3552246,190.7344055,356.3050232,large vehicle,light truck,-1,-1,0,-1,-1,0,0,0,0,0,0,-1,white
33852,13440,163.9559479,380.0648193,206.3530884,388.3547974,171.0440521,568.9351807,128.6469116,560.6452026,large vehicle,bus,-1,-1,0,-1,-1,0,0,0,0,0,0,1,white
28369,10661,1075.333353,1027.9921,1042.7395,1103.033762,1067.753387,1113.645714,1094.283268,1032.54008,large vehicle,light truck,-1,-1,0,-1,-1,0,0,0,1,0,0,-1,white
38314,10493,761.6628029,650.6736227,771.4995183,625.8229732,864.6894539,667.7584442,851.7464073,693.1268156,large vehicle,light truck,-1,-1,0,-1,-1,0,1,0,0,0,0,-1,blue
30638,12670,747.9509888,286.4333496,793.7141113,271.9510498,835.0490112,402.5666504,789.2858887,417.0489502,large vehicle,prime mover,-1,-1,0,-1,-1,0,0,0,1,0,0,-1,white
11416,12297,551.1767578,89.94419098,541.7778931,37.9874649,723.8232422,5.055809021,733.2221069,57.0125351,large vehicle,prime mover,-1,-1,0,-1,-1,0,1,0,0,0,0,-1,white
16126,16490,2588.35318,914.0251556,2593.176795,887.1507314,2810.92854,932.6305263,2807.483101,965.7067408,large vehicle,truck,-1,-1,0,-1,-1,0,1,0,0,0,0,-1,white
35085,14742,308.0973352,967.3049584,327.7590942,967.1462402,328.6311035,999.1343384,310.090751,1002.657276,large vehicle,light truck,-1,-1,0,-1,-1,0,0,0,0,0,0,-1,white
27528,14082,609.7270508,219.5812683,597.7843018,180.5682983,696.2729492,150.4187317,708.2156982,189.4317017,large vehicle,light truck,-1,-1,0,-1,-1,0,0,0,0,0,0,-1,white
16498,15850,3550.837283,2575.047131,3503.083498,2664.490728,3529.613378,2669.796704,3572.061187,2583.385094,large vehicle,truck,-1,-1,0,-1,-1,0,0,0,1,0,0,-1,red
11096,18577,517.3245239,240.8525238,535.5053711,204.3272095,653.6754761,263.1474915,635.4946289,299.6727905,large vehicle,truck,-1,-1,0,-1,-1,0,1,0,0,0,0,-1,white
14090,17266,3551.062012,280.7249146,3577.458008,259.9351501,3665.937988,372.275116,3639.541992,393.0648499,large vehicle,bus,-1,-1,0,-1,-1,0,0,0,0,0,0,1,white
28010,16414,274.5939331,393.1220093,231.3946533,392.8751526,232.4060669,215.8780365,275.6053467,216.1248779,large vehicle,truck,-1,-1,0,-1,-1,0,0,0,0,0,0,-1,white
29577,10056,530.6816309,1124.841946,535.1968711,1096.814566,608.1423065,1104.451492,605.5096913,1132.478871,large vehicle,light truck,-1,-1,0,-1,-1,0,0,0,1,0,0,-1,white
19059,11139,566.4567261,143.5863037,609.4980469,139.8874207,620.5432739,268.4136963,577.5019531,272.1125488,large vehicle,light truck,-1,-1,0,-1,-1,0,0,0,1,0,0,-1,white
28472,18229,648.4984741,494.4013062,638.3651733,457.3624268,743.5015259,428.5987244,753.6347656,465.6375732,large vehicle,light truck,-1,-1,0,-1,-1,0,1,0,0,0,0,-1,white
20105,13260,455.9749756,328.9712219,436.313446,272.2841492,561.0250244,229.0287781,580.6865234,285.7158813,large vehicle,truck,-1,-1,0,-1,-1,0,0,0,0,0,0,-1,white
36688,10493,1049.51616,575.0862305,1067.636425,546.0938061,1150.471923,589.5824427,1136.493433,618.5748671,large vehicle,truck,-1,-1,0,-1,-1,0,0,0,1,0,0,-1,red
38981,19560,3677.374756,1062.028076,3702.457031,1070.264771,3675.625244,1151.971924,3650.542969,1143.735229,large vehicle,light truck,-1,-1,0,-1,-1,0,0,0,1,0,0,-1,white
10196,15850,3578.125159,2586.41708,3537.193344,2664.490728,3566.755211,2669.038707,3601.623053,2595.513039,large vehicle,truck,-1,-1,0,-1,-1,0,0,0,1,0,0,-1,red
11220,14742,1295.894184,437.4364994,1292.529964,455.9397059,1328.975674,457.6218156,1330.657784,442.4828285,large vehicle,truck,-1,-1,0,-1,-1,0,0,0,0,0,0,-1,white
13217,14016,1948.938246,1807.788495,1977.128202,1798.391844,2000.30661,1885.467484,1973.369541,1894.237692,large vehicle,light truck,-1,-1,0,-1,-1,0,0,0,1,1,0,-1,white
37175,16509,37.44042587,568.7941284,5.447267532,536.3010864,136.5595703,407.2058716,168.5527344,439.6989136,large vehicle,prime mover,-1,-1,0,-1,-1,0,0,0,1,0,0,-1,red
18697,10493,111.4041411,151.0720235,124.8649096,132.9517582,189.0624208,184.7239447,173.5307648,202.3264881,large vehicle,light truck,-1,-1,0,-1,-1,0,0,0,1,0,0,-1,white
29216,11871,126.9784887,401.5314376,83.60003375,404.7811212,79.2527349,234.4685466,122.6311819,231.2188946,large vehicle,truck,-1,-1,0,-1,-1,0,0,0,1,0,0,-1,white
15786,16067,891.7564087,501.5093994,858.0419922,532.2127686,777.2435913,443.4906006,810.9580078,412.7872314,large vehicle,truck,-1,-1,0,-1,-1,0,1,0,0,0,0,-1,white
34587,14329,453.4757385,68.71960449,443.757019,34.05626678,553.524292,3.280406952,563.2429199,37.94374466,large vehicle,light truck,-1,-1,0,-1,-1,0,0,0,1,0,0,-1,white
27895,11854,58.26589595,451.3872832,73.87283237,488.8439306,208.0924855,437.8612717,195.6069364,400.4046243,large vehicle,cement mixer,-1,-1,0,-1,-1,0,0,0,0,0,0,-1,white
34234,14186,1737.535864,290.5370787,1765.099376,262.2844789,1907.051464,377.3621417,1885.689742,404.236566,large vehicle,truck,-1,-1,0,-1,-1,0,1,0,0,0,0,-1,white
14578,17892,656.5317919,513.8150289,665.8959538,469.0751445,896.8786127,527.3410405,886.4739884,572.0809249,large vehicle,prime mover,-1,-1,0,-1,-1,0,1,0,0,0,0,-1,white
24690,19725,2456.478109,2010.104212,2441.469776,2035.118099,2519.846623,2077.641707,2534.021159,2054.295413,large vehicle,dedicated agricultural vehicle,-1,-1,0,-1,-1,0,0,0,0,0,0,-1,yellow
16054,18781,281.5462036,409.306427,318.5841064,399.1697388,344.4537964,493.693573,307.4158936,503.8302612,large vehicle,light truck,-1,-1,0,-1,-1,0,0,0,1,0,0,-1,white
12537,15966,637.4243164,569.5744629,659.4359131,588.1467285,635.5756836,616.4255371,613.5640869,597.8532715,large vehicle,truck,-1,-1,0,-1,-1,0,0,0,0,0,0,-1,white
33972,16389,447.6199651,796.8613352,459.9554361,854.2212754,479.6921897,849.9038605,466.7399452,794.394241,large vehicle,truck,-1,-1,0,-1,-1,0,0,0,0,0,0,-1,green
15934,12406,3378.41838,1084.172243,3410.116419,1079.348628,3430.099965,1170.308218,3396.334663,1175.820921,large vehicle,truck,-1,-1,0,-1,-1,0,0,0,0,0,0,-1,white
12228,11049,268.2298889,89.3911438,225.2628021,104.6616974,190.7701111,7.608856201,233.7371979,-7.661696434,large vehicle,truck,-1,-1,0,-1,-1,0,0,0,0,0,0,-1,red
31436,11614,479.367218,370.771759,524.5543823,364.6496277,545.6327515,520.2282715,500.4456177,526.3503418,large vehicle,truck,-1,-1,0,-1,-1,0,0,0,1,0,0,-1,blue
11683,11984,434.8694427,331.7744343,430.7916011,350.634452,477.1770499,366.9458186,482.274352,348.085801,large vehicle,light truck,-1,-1,0,-1,-1,0,0,0,0,1,0,-1,white
25057,15562,1413.506924,172.3368565,1376.806349,252.8742293,1397.705288,265.1077542,1433.386402,181.5120003,large vehicle,crane truck,-1,-1,0,-1,-1,0,0,0,0,0,0,-1,silver/grey
22422,15318,3657.766846,1215.678467,3657.239746,1177.281982,3727.233154,1176.321533,3727.760254,1214.718018,large vehicle,light truck,-1,-1,0,-1,-1,0,0,0,1,0,0,-1,white
25824,11772,1492.960083,881.1303711,1533.243164,887.6044312,1524.039917,944.8696289,1483.756836,938.3955688,large vehicle,cement mixer,-1,-1,0,-1,-1,0,0,0,0,0,0,-1,green
17905,16389,1487.625055,355.0807134,1492.722357,370.3726196,1540.127267,365.2753175,1537.578616,347.4347603,large vehicle,light truck,-1,-1,0,-1,-1,0,0,0,0,0,0,-1,white
38814,14186,3750.964069,2584.109951,3787.297789,2668.053374,3817.993519,2663.66827,3781.033355,2575.339742,large vehicle,truck,-1,-1,0,-1,-1,0,1,0,0,0,0,-1,white
31658,16490,3380.804152,33.3709452,3329.811654,128.4650618,3358.064254,142.9359057,3409.056752,44.39635003,large vehicle,truck,-1,-1,0,-1,-1,0,-1,0,1,0,0,-1,red
37409,12670,59.30635838,301.5606936,74.9132948,452.4277457,122.7745665,446.1849711,105.0867052,293.2369942,large vehicle,crane truck,-1,-1,0,-1,-1,0,0,0,0,0,0,-1,white
21194,15640,737.045166,6.15290308,780.8551025,-6.498102665,834.954834,180.8470917,791.1448975,193.4980927,large vehicle,prime mover,-1,-1,0,-1,-1,0,0,0,1,0,0,-1,white
19429,17053,786.2861938,121.7982025,830.1970825,97.05967712,909.7137451,238.2017975,865.8029175,262.9403076,large vehicle,prime mover,-1,-1,0,-1,-1,0,0,0,0,0,0,-1,white
12819,12695,1478.187899,392.8383984,1486.037744,378.2601145,1524.165564,400.1275403,1516.315718,414.145121,large vehicle,light truck,-1,-1,0,-1,-1,0,0,0,0,0,0,-1,white
15549,12902,680.4142456,171.38797,647.505249,156.7935486,698.5857544,41.61203766,731.494751,56.20646667,large vehicle,truck,-1,-1,0,-1,-1,0,1,0,0,0,0,-1,white
37644,15443,3351.629395,1281.102783,3377.077393,1255.63916,3434.370605,1312.897217,3408.922607,1338.36084,large vehicle,light truck,-1,-1,0,-1,-1,0,0,0,1,0,0,-1,white
21550,17711,198.3912048,342.3167114,225.5651703,318.7036438,324.6087952,432.6832886,297.434845,456.2963257,large vehicle,bus,-1,-1,0,-1,-1,0,0,0,0,0,0,0,white
27016,12417,660.8389282,299.4000549,657.482666,246.7068329,816.1611328,236.5999298,819.517334,289.2931519,large vehicle,truck,-1,-1,0,-1,-1,0,0,0,1,0,0,-1,white
30319,13734,403.8716536,1385.83088,416.0837699,1379.724822,431.0096898,1408.898211,416.7622208,1415.68272,large vehicle,light truck,-1,-1,0,-1,-1,0,0,0,0,0,0,-1,yellow
21407,15770,43.79835892,475.8623962,50.48245239,425.9075928,194.2016449,445.1376038,187.5175476,495.0924072,large vehicle,truck,-1,-1,0,-1,-1,0,0,0,1,0,0,-1,white
22241,19361,345.9673767,1153.764893,369.105835,1160.137695,355.0326233,1211.235107,331.894165,1204.862305,large vehicle,light truck,-1,-1,0,-1,-1,0,0,0,0,1,0,-1,white
26204,17309,1185.052686,1507.187034,1193.687516,1521.9896,1240.562306,1493.618016,1230.693929,1480.048998,large vehicle,light truck,-1,-1,0,-1,-1,0,0,0,0,0,0,-1,white
16884,19574,856.1674194,101.3691406,836.8822632,83.34017944,890.8325806,25.63085556,910.1177368,43.65981674,large vehicle,bus,-1,-1,0,-1,-1,0,0,0,0,0,0,1,white
38833,12961,374.566474,169.4219653,380.8092486,214.1618497,498.3815029,193.3526012,491.0982659,149.6531792,large vehicle,truck,-1,-1,0,-1,-1,0,0,0,0,0,0,-1,white
14098,12462,826.8569336,477.3140259,827.144165,429.3148804,889.1430664,429.6859741,888.855835,477.6851196,large vehicle,truck,-1,-1,0,-1,-1,0,0,0,0,0,0,-1,white
16874,16917,490.9111328,225.1157227,449.663269,192.1542969,620.0888672,-21.11573792,661.3366699,11.8456955,large vehicle,prime mover,-1,-1,0,-1,-1,0,0,0,1,0,1,-1,white
14492,18606,2456.517578,1863.937378,2473.06543,1834.694824,2604.482422,1909.062622,2587.93457,1938.305176,large vehicle,bus,-1,-1,0,-1,-1,0,0,0,0,0,0,1,silver/grey
17598,17856,118.3027111,655.8184349,122.222289,708.4527668,141.8201785,708.4527668,137.3406609,654.6985555,large vehicle,light truck,-1,-1,0,-1,-1,0,0,0,0,0,0,-1,red
16448,19134,433.154541,986.152771,440.901886,971.2457886,472.845459,987.847229,465.098114,1002.754211,large vehicle,light truck,-1,-1,1,-1,-1,0,0,0,0,0,0,-1,white
39664,14858,3446.837891,157.0132904,3460.251709,123.6056366,3603.162109,180.9867096,3589.748291,214.3943634,large vehicle,bus,-1,-1,0,-1,-1,0,0,0,0,0,0,1,white
23088,18719,984.9882135,30.4984147,958.6351618,59.09427931,968.7278199,69.74764064,997.8843877,42.83388571,large vehicle,light truck,-1,-1,1,-1,-1,0,0,0,0,0,0,-1,white
37976,13084,2135.959512,1109.859163,2159.878263,1108.150681,2163.295227,1169.656038,2138.806983,1170.225532,large vehicle,light truck,-1,-1,0,-1,-1,0,0,0,0,0,0,-1,white
19427,10056,1120.854332,290.5000861,1146.740425,277.3217113,1201.807205,391.2205215,1171.21455,404.3988962,large vehicle,crane truck,-1,-1,0,-1,-1,0,0,0,0,0,0,-1,white
21406,17647,704.6783447,61.59881592,694.1802368,22.17255783,862.3216553,-22.5988121,872.8197021,16.82744598,large vehicle,light truck,-1,-1,0,-1,-1,0,0,0,0,0,0,-1,white
19182,14742,1733.757906,1087.051519,1735.796827,1104.382346,1776.065513,1100.304505,1774.026592,1083.483408,large vehicle,light truck,-1,-1,0,-1,-1,0,0,0,0,0,0,-1,white
22071,18130,2397.41333,90.44112396,2414.257324,61.36806488,2540.58667,134.5588684,2523.742676,163.6319275,large vehicle,bus,-1,-1,0,-1,-1,0,0,0,0,0,0,1,white
27177,14540,1754.392666,281.0365877,1721.491898,324.1319597,1731.686502,335.7167372,1764.123879,294.4749295,large vehicle,light truck,-1,-1,0,-1,-1,0,0,0,0,0,0,-1,red
33528,11614,667.659729,539.093811,697.6592407,530.522522,716.340271,595.906189,686.3407593,604.477478,large vehicle,minibus,-1,-1,0,-1,-1,0,0,0,0,0,0,1,yellow
36961,13305,130.119873,530.9255371,143.6030273,494.97052,271.880127,543.0744629,258.3969727,579.02948,large vehicle,cement mixer,-1,-1,0,-1,-1,0,0,0,0,0,0,-1,white
35236,15443,63.65605545,2462.089844,82.66436768,2472.348877,41.34394836,2548.910156,22.33563995,2538.651123,large vehicle,light truck,-1,-1,0,-1,-1,0,0,0,1,0,0,-1,white
12749,11984,307.7328491,1389.537598,307.2730713,1363.141602,346.2671509,1362.462402,346.7269287,1388.858398,large vehicle,light truck,-1,-1,0,-1,-1,0,0,0,0,0,0,-1,white
35809,16026,3608.887151,1485.132007,3472.7263,1640.448566,3500.165559,1663.228328,3636.844131,1506.876325,large vehicle,truck,-1,-1,0,-1,-1,0,1,0,0,0,0,-1,yellow
11975,15320,39.50906372,601.4975586,35.24623108,560.9208374,172.4909363,546.5024414,176.7537689,587.0791626,large vehicle,prime mover,-1,-1,0,-1,-1,0,0,0,1,0,1,-1,white
37506,19660,1371.055,114.1119122,1398.710086,123.0837268,1374.667023,206.5830283,1347.581431,200.458684,large vehicle,truck,-1,-1,0,-1,-1,0,0,0,0,0,0,-1,white
10589,10875,522.2390137,538.9553223,513.453125,499.1125488,708.7609863,456.0446777,717.546875,495.8874512,large vehicle,bus,-1,-1,0,-1,-1,0,0,0,0,0,0,1,white
30365,10520,825.1521606,467.6673279,862.7579346,459.897522,887.8478394,581.3327026,850.2420654,589.102478,large vehicle,light truck,-1,-1,0,-1,-1,0,0,0,1,0,0,-1,white
17381,10334,481.0126461,1327.559681,529.2487922,1247.625496,560.2577433,1264.852691,508.5761581,1344.786876,large vehicle,truck,-1,-1,0,-1,-1,0,0,0,0,1,0,-1,white
17695,11154,185.7939453,291.2658997,139.2939301,303.1716919,87.20605469,99.73410034,133.7060852,87.82829285,large vehicle,prime mover,-1,-1,0,-1,-1,0,0,0,0,0,0,-1,white
30556,12771,1858.449795,1375.387145,1855.206057,1428.677121,1873.27831,1429.603903,1879.302394,1377.240709,large vehicle,light truck,-1,-1,0,-1,-1,0,0,0,0,1,0,-1,white
33480,12354,513.5421753,520.7062988,505.5381775,475.8142395,637.4577637,452.2937012,645.461792,497.18573,large vehicle,truck,-1,-1,0,-1,-1,0,1,0,0,0,0,-1,white
25104,12767,798.1906128,111.72789,779.9421997,86.42106628,857.8093872,30.27210999,876.0578003,55.57893372,large vehicle,minibus,-1,-1,0,-1,-1,0,0,0,0,0,0,1,white
17229,11692,3039.583008,25.4811039,3073.399902,37.82694244,3026.416992,166.5188904,2992.600098,154.1730499,large vehicle,truck,-1,-1,0,-1,-1,0,0,0,1,0,0,-1,white
10703,12565,377.2536316,449.6644287,422.8012085,447.4781494,428.7463684,571.3355713,383.1987915,573.5218506,large vehicle,truck,-1,-1,0,-1,-1,0,1,0,0,0,0,-1,white
25628,12462,664.2636108,314.2166138,663.7559814,287.8214722,769.7363892,285.7833862,770.2440186,312.1785278,large vehicle,light truck,-1,-1,0,-1,-1,0,1,0,0,0,0,-1,white
18582,18386,17.85126464,429.7933512,50.59721108,414.8366401,112.5013365,550.3684985,79.75539007,565.3252096,large vehicle,truck,-1,-1,0,-1,-1,0,0,0,0,1,0,-1,white
26316,12565,433.8551025,435.6100464,476.5527649,429.0411682,498.1448975,569.3899536,455.4472351,575.9588623,large vehicle,truck,-1,-1,0,-1,-1,0,0,0,1,0,0,-1,white
28241,16918,426.8528442,209.9983215,403.2910767,170.9572601,529.1471558,95.00169373,552.7089233,134.0427551,large vehicle,truck,-1,-1,0,-1,-1,0,0,0,1,0,0,-1,white
29863,16490,529.3970715,811.9122457,535.0350626,838.2228709,634.6395721,814.4180195,626.4958072,784.3487336,large vehicle,truck,-1,-1,0,-1,-1,0,1,0,0,0,0,-1,white
11613,13124,2697.774791,691.0998492,2710.30366,709.8931528,2778.642946,658.0691942,2758.710654,633.011456,large vehicle,light truck,-1,-1,0,-1,-1,0,0,0,0,0,0,-1,white
35848,18875,1757.888227,2511.580586,1747.010498,2478.320833,1893.12332,2430.660753,1899.615945,2464.54695,large vehicle,truck,-1,-1,0,-1,-1,0,1,0,0,0,0,-1,blue
35446,13734,1581.431274,457.4842529,1587.032227,434.1469727,1638.568726,446.5157471,1632.967773,469.8530273,large vehicle,light truck,-1,-1,0,-1,-1,0,0,0,1,0,0,-1,white
39108,14742,1552.657959,226.300827,1553.352417,199.9099731,1583.342041,200.699173,1582.647583,227.0900269,large vehicle,truck,-1,-1,0,-1,-1,0,0,0,0,0,0,-1,white
11710,19032,1445.939331,2423.147461,1431.765869,2406.8479,1480.060669,2364.852539,1494.234131,2381.1521,large vehicle,light truck,-1,-1,0,-1,-1,0,0,0,1,0,0,-1,red
34853,14355,446.1622925,408.4342346,497.9897766,398.3470154,526.8377075,546.5657959,475.0102234,556.6530151,large vehicle,prime mover,-1,-1,0,-1,-1,0,0,0,0,0,0,-1,white
39844,11077,161.2716763,71.61849711,297.5722543,27.91907514,309.017341,64.33526012,172.716763,105.9537572,large vehicle,truck,-1,-1,0,-1,-1,0,0,0,1,0,0,-1,white
11495,19725,1478.470079,150.5543823,1494.319098,119.5454312,1597.682269,168.4706652,1583.211425,196.0341772,large vehicle,crane truck,-1,-1,0,-1,-1,0,1,1,0,0,0,-1,white
21939,17053,218.4102783,231.4739075,260.4589844,213.8311005,321.5897217,359.5260925,279.5410461,377.1688843,large vehicle,truck,-1,-1,0,-1,-1,0,0,0,1,0,0,-1,white
26094,11154,318.0498816,350.5535611,307.1670729,313.7279692,505.6800758,255.0628917,516.5628846,291.8884836,large vehicle,truck,-1,-1,0,-1,-1,0,0,0,0,0,0,-1,yellow
38168,18166,264.6271667,277.6903687,309.1818542,259.8331299,410.3728333,512.3096313,365.8181763,530.1668701,large vehicle,prime mover,-1,-1,0,-1,-1,0,0,0,1,0,0,-1,white
31010,17309,1899.276458,1154.392563,1910.378382,1172.89577,1962.804134,1149.458375,1955.402851,1134.65581,large vehicle,truck,-1,-1,0,-1,-1,0,0,0,1,0,0,-1,white
33348,13124,3186.383057,406.7576294,3174.17334,386.0953979,3307.617188,307.2423706,3319.82666,327.9046021,large vehicle,bus,-1,-1,0,-1,-1,0,0,0,0,0,0,0,other
30158,18875,3100.880371,1734.52063,3132.214844,1746.650024,3083.119629,1873.47937,3051.785156,1861.349976,large vehicle,truck,-1,-1,0,-1,-1,0,0,0,1,0,0,-1,white
23498,10095,800.3569946,516.5420532,791.6109619,471.7886353,895.6430054,451.4579468,904.3890381,496.2113647,large vehicle,bus,-1,-1,0,-1,-1,0,0,0,0,0,0,1,white
34908,17831,740.9297485,358.3841248,747.8283081,315.7384949,883.0702515,337.6158752,876.1716919,380.2615051,large vehicle,truck,-1,-1,0,-1,-1,0,0,0,1,0,0,-1,white
31063,14501,76.43029022,547.5189819,104.5853729,577.0474854,70.56970978,609.4810181,42.41462708,579.9525146,large vehicle,bus,-1,-1,0,-1,-1,0,0,0,0,0,0,1,white
13075,13124,2065.0669,1191.115626,2080.44324,1217.881846,2173.27077,1157.515477,2157.324936,1131.888245,large vehicle,truck,-1,-1,0,-1,-1,0,0,0,0,0,0,-1,white
17694,19736,330.3637695,177.2230072,314.2478027,159.438858,364.6362305,113.7769928,380.7521973,131.5611572,large vehicle,light truck,-1,-1,0,-1,-1,0,0,0,0,0,0,-1,white
23708,17053,467.8413086,314.743866,462.6560974,281.5463867,586.1586914,262.256134,591.3438721,295.4536133,large vehicle,truck,-1,-1,0,-1,-1,0,0,0,0,0,0,-1,white
15477,12170,868.9696942,2422.201001,882.6375514,2392.587311,980.0210341,2440.994305,964.0752007,2470.038502,large vehicle,light truck,-1,-1,0,-1,-1,0,1,0,0,0,0,-1,blue
10340,17180,428.184967,35.47610474,473.7758484,34.56428528,477.815033,236.5238953,432.2241516,237.4357147,large vehicle,bus,-1,-1,0,-1,-1,0,0,0,0,0,0,1,white
39751,14385,637.1965332,161.6886749,672.9135132,157.1838226,686.8034668,267.3113403,651.0864868,271.8161621,large vehicle,truck,-1,-1,0,-1,-1,0,0,0,1,0,0,-1,white
35040,17541,824.7382813,577.1105957,820.8425903,558.3099976,895.2617188,542.8894043,899.1574097,561.6900024,large vehicle,minibus,-1,-1,0,-1,-1,0,0,0,0,0,0,1,other
30604,11692,1700.631819,806.5422185,1691.306921,778.8142275,1834.204755,728.2915777,1845.197246,761.0223462,large vehicle,truck,-1,-1,0,-1,-1,0,1,0,0,0,0,-1,blue
36532,18703,1564.072496,717.9148077,1557.585021,729.4995852,1590.94918,751.2789667,1596.509873,739.2307982,large vehicle,light truck,-1,-1,0,-1,-1,0,0,0,0,0,0,-1,yellow
26779,10362,351.541847,644.5548364,348.4579792,659.9741752,383.6140716,667.3754578,386.0811658,652.5728926,large vehicle,light truck,-1,-1,0,-1,-1,0,0,0,0,0,0,-1,white
15221,10744,120.8893433,265.5897827,52.85234833,280.257019,-4.889335632,12.4102478,63.1476593,-2.256979942,large vehicle,prime mover,-1,-1,0,-1,-1,0,0,0,0,0,0,-1,white
18683,12462,790.1786499,372.7474976,791.8981934,327.1799316,899.8213501,331.2525024,898.1018066,376.8200684,large vehicle,truck,-1,-1,0,-1,-1,0,0,0,0,0,0,-1,white
39992,18354,547.7885742,130.1741486,514.1904297,129.8204803,515.2114258,32.82585144,548.8095703,33.17951202,large vehicle,minibus,-1,-1,0,-1,-1,0,0,0,0,0,0,1,yellow
34101,10513,5.168320179,467.127533,2.972411633,428.7903748,88.8316803,423.872467,91.02758789,462.2096252,large vehicle,prime mover,-1,-1,0,-1,-1,0,0,0,0,0,0,-1,white
19798,15640,605.1409302,63.10806274,640.1054688,47.23226929,724.8590698,233.8919373,689.8945313,249.7677307,large vehicle,prime mover,-1,-1,0,-1,-1,0,0,0,1,0,0,-1,yellow
15798,15004,847.5053711,535.2412109,845.0930176,561.5307617,749.4946289,552.7587891,751.9069214,526.4692383,large vehicle,light truck,-1,-1,0,-1,-1,0,0,0,1,0,0,-1,white
18398,14933,743.8362427,64.86130524,736.3286743,27.20235825,897.1637573,-4.861301422,904.6713257,32.79764557,large vehicle,bus,-1,-1,0,-1,-1,0,0,0,0,0,0,1,white
25036,13580,813.4725398,46.44624382,858.3631274,48.62236155,843.325148,224.3109816,799.4750229,220.053939,large vehicle,crane truck,-1,-1,0,-1,-1,0,0,0,1,0,0,-1,white
33034,18348,1406.544615,908.3040776,1404.862505,926.8072841,1462.054235,927.3679874,1463.736344,908.8647808,large vehicle,light truck,-1,-1,0,-1,-1,0,0,0,0,1,0,-1,white
18815,18028,450.2765808,292.1043091,495.7685242,295.2416687,485.7234192,440.8956909,440.2314758,437.7583008,large vehicle,truck,-1,-1,0,-1,-1,0,0,0,1,0,0,-1,white
30236,13124,1055.805298,753.8174438,1083.357544,745.4320068,1105.194702,817.1825562,1077.642456,825.5679932,large vehicle,light truck,-1,-1,0,-1,-1,0,0,0,0,0,0,-1,white
29851,10423,420.4359436,411.6888428,407.9687805,372.840271,515.5640869,338.3111572,528.031189,377.159729,large vehicle,truck,-1,-1,0,-1,-1,0,1,0,0,0,0,-1,white
37796,11576,1913.554517,795.5103694,1908.63567,820.9244086,2001.273942,831.581909,2004.553173,806.9876775,large vehicle,truck,-1,-1,0,-1,-1,0,0,0,0,0,0,-1,white
38690,18409,879.8268433,73.4338913,841.427063,73.56567383,841.1731567,-0.433891296,879.572937,-0.565675378,large vehicle,truck,-1,-1,0,-1,-1,0,0,0,0,0,0,-1,white
20422,17053,146.7951813,321.0792236,195.4248199,307.8384399,232.2048187,442.9207764,183.5751801,456.1615601,large vehicle,truck,-1,-1,0,-1,-1,0,0,0,1,0,0,-1,white
19113,12961,352.716763,336.9364162,372.4855491,479.4797688,416.1849711,476.3583815,394.3352601,326.5317919,large vehicle,crane truck,-1,-1,0,-1,-1,0,0,0,0,0,0,-1,white
27441,14121,785.8347168,566.4713745,819.338562,539.1998901,852.1652832,579.5286255,818.661438,606.8000488,large vehicle,truck,-1,-1,0,-1,-1,0,0,0,0,0,0,-1,red
37590,19361,1830.420898,271.9227293,1851.46228,279.8681945,1820.523926,338.5146475,1802.010132,332.6755055,large vehicle,crane truck,-1,-1,0,-1,-1,0,0,0,0,0,0,-1,white
11464,17151,823.9920044,348.4856873,823.0227051,302.8959961,888.0079956,301.5143127,888.9772949,347.1040039,large vehicle,truck,-1,-1,0,-1,-1,0,0,0,1,0,0,-1,white
15225,16026,1118.263672,2600.647949,1113.355835,2567.408203,1262.736328,2545.352051,1267.644165,2578.591797,large vehicle,prime mover,-1,-1,0,-1,-1,0,0,0,1,0,0,-1,yellow
11008,12771,1705.530733,1082.523971,1705.530733,1095.035531,1743.528803,1094.57214,1742.602021,1082.523971,large vehicle,light truck,-1,-1,1,-1,-1,0,0,0,0,0,0,-1,white
21457,10177,298.1583786,224.7486686,305.924177,192.0584136,460.6191081,228.8072909,452.8533098,261.4975459,large vehicle,prime mover,-1,-1,0,-1,-1,0,0,0,0,0,0,-1,white
13574,13124,358.327455,683.5277946,388.032873,670.1460086,417.654394,749.8176394,385.43987,758.1812744,large vehicle,light truck,-1,-1,0,-1,-1,0,0,0,1,0,0,-1,white
19840,17053,167.893219,259.0662842,214.4600525,239.7870026,279.106781,395.9337158,232.5399475,415.2130127,large vehicle,truck,-1,-1,0,-1,-1,0,0,0,1,0,0,-1,white
24462,15186,693.6710205,-7.3403368,734.798645,5.879261971,680.3289795,175.340332,639.201355,162.1207275,large vehicle,bus,-1,-1,0,-1,-1,0,0,0,0,0,0,1,white
28910,13124,1903.352783,1493.198364,1885.373169,1467.699951,1964.647217,1411.801636,1982.626831,1437.300049,large vehicle,truck,-1,-1,0,-1,-1,0,1,0,0,0,0,-1,white
10720,10056,525.9002075,1039.634033,527.1774902,1010.862366,606.0997925,1014.365967,604.8225098,1043.137695,large vehicle,light truck,-1,-1,0,-1,-1,0,0,0,1,0,0,-1,white
23952,10493,922.1565809,743.8635583,878.6679442,828.2522222,906.1072031,842.7484344,951.6667271,756.8066049,large vehicle,prime mover,-1,-1,0,-1,-1,0,1,0,0,0,0,-1,green
30932,18703,1102.361218,522.7938358,1108.412927,511.1539607,1157.638782,532.0597286,1147.879944,546.9433719,large vehicle,light truck,-1,-1,0,-1,-1,0,0,0,0,0,0,-1,white
13727,18719,1410.102495,700.5963849,1403.317986,720.2714612,1465.73547,733.1620284,1468.449273,714.8438539,large vehicle,truck,-1,-1,0,-1,-1,0,0,0,0,0,0,-1,white
34202,14355,513.4150391,453.949707,563.0596924,435.9705505,619.5849609,592.050293,569.9403076,610.0294189,large vehicle,prime mover,-1,-1,0,-1,-1,0,0,0,0,0,0,-1,white
20119,14186,2099.996048,548.9450043,2119.979594,523.4487557,2230.233643,617.8537845,2210.939184,639.9045941,large vehicle,truck,-1,-1,0,-1,-1,0,1,0,0,0,0,-1,other
39406,13643,800.4329834,474.0261841,830.6307983,466.1818237,863.5670166,592.9738159,833.3692017,600.8181763,large vehicle,cement mixer,-1,-1,0,-1,-1,0,0,0,0,0,0,-1,white
26689,19531,2306.666955,202.3900158,2292.688464,225.6874997,2371.382188,267.1052489,2383.289791,245.3609306,large vehicle,dedicated agricultural vehicle,-1,-1,0,-1,-1,0,0,0,0,0,0,-1,yellow
26982,16026,3400.245239,1723.284064,3410.081955,1752.794211,3510.002274,1710.341018,3500.683281,1682.901759,large vehicle,truck,-1,-1,0,-1,-1,0,1,0,0,0,0,-1,white
32518,12084,570.1734104,190.2312139,602.4277457,165.2601156,686.7052023,273.4682081,653.4104046,299.4797688,large vehicle,cement mixer,-1,-1,0,-1,-1,0,0,0,0,0,0,-1,white
30146,17591,1798.84831,169.7802712,1795.899457,186.6308565,1831.706951,191.6860321,1832.54948,176.0992407,large vehicle,light truck,-1,-1,0,-1,-1,0,0,0,0,0,0,-1,white
13719,18348,1861.887316,1368.637363,1848.991142,1401.15815,1863.008722,1407.886589,1877.026303,1372.001583,large vehicle,light truck,-1,-1,0,-1,-1,0,0,0,0,0,0,-1,white
21991,19556,388.5007019,347.5059814,380.5828857,305.0377808,501.4993286,282.4940186,509.4171143,324.9622192,large vehicle,truck,-1,-1,0,-1,-1,0,0,0,1,0,0,-1,white
16315,17921,758.5720825,496.7478638,753.7452393,463.4963989,879.4279785,445.2521362,884.2547607,478.5036011,large vehicle,minibus,-1,-1,0,-1,-1,0,0,0,0,0,0,1,white
23018,13260,434.4208069,376.8155823,447.3861389,325.6321716,599.5792236,364.1844482,586.6138306,415.3678284,large vehicle,truck,-1,-1,0,-1,-1,0,0,0,0,0,0,-1,white
29469,13176,614.5914307,311.0472107,652.4468994,317.4911804,622.4085693,493.9527893,584.5531006,487.5088196,large vehicle,bus,-1,-1,0,-1,-1,0,0,0,0,0,0,1,white
39173,19032,3568.83667,1272.878052,3606.660645,1266.251953,3631.16333,1406.121948,3593.339355,1412.748047,large vehicle,truck,-1,-1,0,-1,-1,0,0,0,1,0,0,-1,white
27424,17274,134.1992493,4.474668503,183.7091064,-4.955785751,199.8007507,79.52532959,150.2908936,88.95578003,large vehicle,truck,-1,-1,0,-1,-1,1,0,0,0,0,0,-1,white
16614,15850,327.3215212,1166.70942,326.6324334,1192.894756,413.4574964,1195.651108,416.2138476,1170.843947,large vehicle,truck,-1,-1,0,-1,-1,0,1,0,0,0,0,-1,red
16695,12170,913.9597242,2171.054125,889.47148,2199.528827,974.3260936,2247.366328,991.4109151,2218.322131,large vehicle,light truck,-1,-1,0,-1,-1,0,1,0,0,0,0,-1,white
13032,14540,1781.504836,606.9604967,1786.551165,626.5851097,1837.575158,617.6138581,1833.650236,596.8678386,large vehicle,light truck,-1,-1,0,-1,-1,0,0,0,0,0,0,-1,white
15582,11437,1846.737427,1437.247803,1847.276245,1415.654541,1891.262573,1416.752197,1890.723755,1438.345459,large vehicle,light truck,-1,-1,0,-1,-1,0,0,0,0,0,0,-1,yellow
19869,16028,329.5185547,495.6855774,329.4816284,476.4856262,418.4814453,476.3144226,418.5183716,495.5143738,large vehicle,light truck,-1,-1,0,-1,-1,0,0,0,0,1,0,-1,white
32659,15850,3015.072594,2385.257634,3025.095689,2405.930268,3115.929991,2357.694122,3099.642461,2330.757053,large vehicle,truck,-1,-1,0,-1,-1,0,1,0,0,0,0,-1,white
22935,18703,1968.381838,548.1005836,1961.245615,558.804918,1996.417,575.6260148,2002.533762,563.3924898,large vehicle,light truck,-1,-1,0,-1,-1,0,0,0,0,0,0,-1,black
31788,18703,640.4693461,1521.63138,604.2785014,1553.234653,614.4731056,1569.546019,650.6639503,1536.923286,large vehicle,light truck,-1,-1,0,-1,-1,0,0,0,0,1,0,-1,white
31335,16243,715.2796631,590.7687988,674.7913818,595.8024902,651.7203369,410.2311401,692.2086182,405.1974487,large vehicle,bus,-1,-1,0,-1,-1,0,0,0,0,0,0,1,white
24673,12032,215.1835022,362.5688782,183.8860931,350.344635,226.8164978,240.4311218,258.1138916,252.655365,large vehicle,minibus,-1,-1,0,-1,-1,0,0,0,0,0,0,1,white
38645,11139,574.017334,76.98832703,563.7091675,42.49568939,648.982666,17.01166534,659.2907715,51.50430298,large vehicle,light truck,-1,-1,0,-1,-1,0,0,0,0,1,0,-1,white
17017,17513,585.9536743,42.09634781,586.0472412,20.49654961,680.0463257,20.90365028,679.9527588,42.50344849,large vehicle,minibus,-1,-1,0,-1,-1,0,0,0,0,0,0,0,white
31402,10405,394.8069458,234.1083069,421.8742065,200.4392853,523.1930542,281.8916931,496.1257935,315.56073,large vehicle,truck,-1,-1,0,-1,-1,0,0,0,1,0,0,-1,white
13519,17266,1479.433228,1852.563965,1504.441528,1861.022461,1476.566772,1943.436035,1451.558472,1934.977539,large vehicle,truck,-1,-1,0,-1,-1,0,1,0,0,0,0,-1,white
37179,17299,758.4971098,559.5953757,783.4682081,594.9710983,902.0809249,513.8150289,876.0693642,476.3583815,large vehicle,truck,-1,-1,0,-1,-1,0,0,0,0,0,0,-1,white
37802,12221,735.3061523,603.8039551,723.1436157,547.5026855,872.6938477,515.1960449,884.8563843,571.4973145,large vehicle,truck,-1,-1,0,-1,-1,0,0,0,1,0,0,-1,blue
18819,12670,829.1638455,184.5125039,859.0136429,172.664333,910.7147672,307.0424094,876.7031201,329.2951893,large vehicle,prime mover,-1,-1,0,-1,-1,0,0,0,1,0,0,-1,white
39761,10056,1807.561523,743.0402832,1841.144775,741.9801025,1842.438477,782.9597168,1808.855225,784.0198975,large vehicle,truck,-1,-1,0,-1,-1,0,0,0,0,1,0,-1,white
31916,13987,225.7803468,284.9132948,214.3352601,371.2716763,251.7919075,376.4739884,262.1965318,289.0751445,large vehicle,light truck,-1,-1,1,-1,-1,0,0,0,0,0,0,-1,white
19004,11420,203.0098267,496.9317017,194.2885742,472.013855,316.9901733,429.0682983,325.7114258,453.986145,large vehicle,cement mixer,-1,-1,0,-1,-1,0,0,0,0,0,0,-1,white
24061,11984,373.1920877,222.69217,365.0364043,239.0035366,424.1651084,258.8830147,429.2624104,241.5521877,large vehicle,truck,-1,-1,0,-1,-1,0,0,0,0,1,0,-1,silver/grey
10917,11854,21.7246933,329.5643921,12.35131073,289.8556824,124.2753067,263.4356079,133.6486816,303.1443176,large vehicle,cement mixer,-1,-1,0,-1,-1,0,0,0,0,0,0,-1,white
35380,13940,415.7229614,550.4355469,429.1882019,522.2907715,511.2770386,561.5644531,497.8117981,589.7092285,large vehicle,light truck,-1,-1,0,-1,-1,0,0,0,0,0,0,-1,white
32116,10493,780.30079,427.5354991,799.456499,396.9899091,879.703388,448.2443737,863.6540102,475.6836325,large vehicle,light truck,-1,-1,0,-1,-1,0,1,0,0,0,0,-1,white
26924,19660,2210.388672,747.4754028,2229.094238,728.8458862,2268.611328,768.5245972,2249.905762,787.1541138,large vehicle,light truck,-1,-1,0,-1,-1,0,1,0,0,0,0,-1,white
18567,12446,2128.554443,99.54924011,2126.730469,80.43608093,2189.445557,74.45075989,2191.269531,93.56391144,large vehicle,light truck,-1,-1,0,-1,-1,0,1,0,0,0,0,-1,white
29327,12032,148.8092614,333.0044556,115.8498333,315.2871094,141.7572279,226.9955292,174.7166559,244.7128906,large vehicle,minibus,-1,-1,0,-1,-1,0,0,0,0,0,0,0,white
37310,10249,307.4533042,358.0994219,315.5733604,310.7912248,448.6276206,333.6289018,440.5075645,380.9370989,large vehicle,truck,-1,-1,0,-1,-1,0,0,0,1,0,0,-1,white
12121,18348,548.1596532,367.7821016,562.1772339,399.1814824,576.7555178,393.0137469,562.7379371,359.3715532,large vehicle,truck,-1,-1,0,-1,-1,0,0,0,0,0,0,-1,white
15791,19560,2074.618687,938.2213837,2073.3658,967.6642261,2191.763613,960.1469047,2192.390057,931.3305057,large vehicle,truck,-1,-1,0,-1,-1,0,1,0,0,0,0,-1,white
37625,15037,856.0882568,541.725708,883.7801514,533.8137207,901.9117432,597.274292,874.2198486,605.1862793,large vehicle,minibus,-1,-1,0,-1,-1,0,0,0,0,0,0,1,white
22583,12771,1629.997984,560.7455957,1628.607811,573.7205464,1674.483529,579.7446306,1676.800485,567.233071,large vehicle,light truck,-1,-1,0,-1,-1,0,0,0,0,0,0,-1,white
21331,16715,59.30635838,230.8092486,99.88439306,219.3641618,140.4624277,362.9479769,103.0057803,375.433526,large vehicle,prime mover,-1,-1,0,-1,-1,0,0,0,0,1,0,-1,white
28405,13587,-0.243944168,167.8695374,35.93216705,154.9912872,87.24394226,299.1304626,51.06783295,312.008728,large vehicle,prime mover,-1,-1,0,-1,-1,0,0,0,1,0,0,-1,white
38147,13165,234.5687866,483.0272217,205.0701294,503.6628418,137.4311981,406.9727478,166.9298706,386.3371277,large vehicle,light truck,-1,-1,0,-1,-1,0,1,0,0,0,0,-1,white
33683,13734,765.2938737,558.7982718,747.4074408,603.822741,760.9764589,609.9904765,782.5635331,567.4331015,large vehicle,light truck,-1,-1,0,-1,-1,0,0,0,0,0,0,-1,blue
37539,10722,686.6784405,189.5599961,703.4364129,147.1509028,831.7796804,197.8657848,815.0217081,240.2748781,large vehicle,truck,-1,-1,0,-1,-1,0,1,0,0,0,0,-1,white
14490,15270,566.6676839,502.4905427,589.2052557,494.2408979,610.1730782,551.5239787,587.6355009,559.7736536,large vehicle,truck,-1,-1,0,-1,-1,0,0,0,1,0,0,-1,white
32718,14218,401.4030151,196.8964081,363.8394165,188.9254913,384.5969849,91.10359192,422.1605835,99.07450104,large vehicle,light truck,-1,-1,0,-1,-1,0,0,0,1,0,0,-1,white
10853,14617,570.4248745,326.4518316,570.1217129,285.6529425,686.1184781,284.7909429,686.4217007,325.5898321,large vehicle,minibus,-1,-1,0,-1,-1,0,0,0,0,0,0,1,white
26238,17717,294.1532593,47.38788986,329.3674316,54.86862564,288.8467712,245.6121063,253.6325989,238.1313629,large vehicle,bus,-1,-1,0,-1,-1,0,0,0,0,0,0,1,white
12709,16389,1086.835755,1554.003629,1094.250012,1601.732912,1111.858874,1599.415956,1106.298181,1551.686673,large vehicle,light truck,-1,-1,0,-1,-1,0,0,0,0,0,0,-1,white
19118,10875,749.4836426,489.9412231,738.9217529,445.5812683,896.5163574,408.0587463,907.0782471,452.4187012,large vehicle,bus,-1,-1,0,-1,-1,0,0,0,0,0,0,1,white
33866,14858,2886.092285,1815.628418,2880.293701,1794.821289,2942.907715,1777.371582,2948.706299,1798.178711,large vehicle,light truck,-1,-1,0,-1,-1,0,1,0,0,0,0,-1,white
31180,14355,576.416185,331.734104,610.7514451,489.8843931,651.3294798,483.6416185,620.1156069,324.4508671,large vehicle,prime mover,-1,-1,0,-1,-1,0,0,0,0,0,0,-1,white
17407,18909,1928.848027,494.4097491,1927.165917,537.5838977,1936.697872,539.2660074,1941.183498,493.8490459,large vehicle,light truck,-1,-1,0,-1,-1,0,0,0,0,0,0,-1,silver/grey
17956,10491,661.2642822,505.7875671,690.3318481,480.6950378,785.7357178,591.2124023,756.6681519,616.3049316,large vehicle,prime mover,-1,-1,0,-1,-1,0,0,0,1,0,0,-1,other
20751,13165,827.1937256,592.2483521,789.623291,608.1576538,712.8062744,426.7516479,750.3766479,410.8423157,large vehicle,truck,-1,-1,0,-1,-1,0,0,0,1,0,0,-1,blue
38251,13084,2659.894039,858.7122863,2670.714426,879.2140721,2724.246867,845.6139231,2713.995974,823.9731492,large vehicle,light truck,-1,-1,0,-1,-1,0,1,0,0,0,0,-1,white
22931,10576,707.8134766,200.3045654,696.4294434,156.1484222,826.1865234,122.6954346,837.5705566,166.8515778,large vehicle,light truck,-1,-1,0,-1,-1,0,0,0,0,0,0,-1,white
29675,16026,589.3390765,2548.19114,594.4645229,2576.665843,695.26497,2551.03861,687.2920532,2523.133402,large vehicle,truck,-1,-1,0,-1,-1,0,0,0,0,0,0,-1,white
17425,19574,706.4739884,255.7803468,783.4682081,156.9364162,810.5202312,173.583815,732.4855491,273.4682081,large vehicle,minibus,-1,-1,0,-1,-1,0,0,0,0,0,0,1,white
15484,13176,674.286499,66.70278931,711.7766113,75.0124588,668.713501,269.2972107,631.2233887,260.9875488,large vehicle,bus,-1,-1,0,-1,-1,0,0,0,0,0,0,1,white
32215,10203,323.8000488,495.2026062,336.585083,472.10495,437.1999512,527.7973633,424.414917,550.8950806,large vehicle,light truck,-1,-1,0,-1,-1,0,0,0,0,0,0,-1,white
24390,17266,1799.038547,2.687378872,1805.302982,35.26243858,1911.798369,11.45758726,1906.160378,-19.86458554,large vehicle,crane truck,-1,-1,0,-1,-1,1,1,0,0,0,0,-1,white
13618,19032,3824.768124,2401.929482,3868.619166,2440.142532,3847.320089,2458.309393,3810.359925,2417.590568,large vehicle,light truck,-1,-1,0,-1,-1,0,0,0,0,0,0,-1,white
15675,10881,891.2290842,764.8813555,898.3925757,752.380476,950.517395,776.4023469,940.0702011,793.0078543,large vehicle,prime mover,-1,-1,0,-1,-1,0,0,0,1,0,0,-1,white
17852,19352,279.0140991,420.777832,280.0317993,387.1932373,379.9859009,390.222168,378.9682007,423.8067627,large vehicle,minibus,-1,-1,0,-1,-1,0,0,0,0,0,0,1,yellow
38079,14981,438.0346821,323.4104046,421.3872832,409.7687861,454.6820809,413.9306358,472.3699422,330.6936416,large vehicle,truck,-1,-1,0,-1,-1,0,0,0,0,0,0,-1,red
18695,11420,248.3256683,285.0973511,258.515564,322.1206665,146.6743164,352.9026489,136.4844055,315.8793335,large vehicle,cement mixer,-1,-1,0,-1,-1,0,0,0,0,0,0,-1,white
10585,15942,689.788714,162.7189793,674.9187795,143.8805823,749.4873706,85.02042988,764.3573039,103.8588193,large vehicle,minibus,-1,-1,0,-1,-1,0,0,0,0,0,0,1,white
30277,11361,878.87186,228.3067782,834.1728466,234.4107319,818.0472151,44.53135681,858.5843788,39.46785789,large vehicle,truck,-1,-1,0,-1,-1,0,1,0,0,0,0,-1,white
32865,19731,463.7952576,213.2048492,451.015564,169.432251,590.2047729,128.7951508,602.984436,172.567749,large vehicle,truck,-1,-1,0,-1,-1,0,0,0,1,0,0,-1,white
15175,17591,504.8214489,297.9634623,507.3490367,334.6134855,523.7783574,333.7709562,520.829505,298.8059916,large vehicle,light truck,-1,-1,0,-1,-1,0,0,0,0,0,0,-1,yellow
12111,18348,1841.702,1583.947403,1844.505516,1628.803661,1862.448019,1627.682254,1859.644503,1584.508106,large vehicle,light truck,-1,-1,0,-1,-1,0,0,0,0,0,0,-1,white
33357,15562,1562.679153,712.9262578,1556.511418,723.0189159,1586.228689,744.3256385,1592.396425,729.1866514,large vehicle,light truck,-1,-1,1,-1,-1,0,0,0,0,0,0,-1,other
10780,15202,680.108971,36.61855127,678.2830056,5.476026855,786.8101041,8.09821174,790.7169944,46.52397315,large vehicle,light truck,-1,-1,0,-1,-1,0,0,0,1,0,0,-1,white
24995,12170,1035.261957,2516.16752,987.4244568,2593.049217,1022.733088,2609.564544,1064.306154,2530.404871,large vehicle,truck,-1,-1,0,-1,-1,0,1,0,0,0,0,-1,green
29147,18746,466.1240234,143.4935608,501.0609741,134.8097076,519.8759766,210.5064392,484.9390259,219.1902924,large vehicle,cement mixer,-1,-1,0,-1,-1,0,0,0,0,0,0,-1,white
18300,10493,2359.957373,2216.65608,2344.01154,2238.296854,2446.520469,2307.775128,2468.730737,2279.86992,large vehicle,truck,-1,-1,0,-1,-1,0,1,0,0,0,0,-1,white
39147,10100,622.9017944,543.5319824,590.012207,571.5411987,457.0982056,415.4679565,489.987793,387.4587402,large vehicle,bus,-1,-1,0,-1,-1,0,0,0,0,0,0,0,white
37338,16454,636.7677002,53.42866516,591.5309448,59.17301941,585.2322998,9.571334839,630.4690552,3.82697916,large vehicle,truck,-1,-1,0,-1,-1,0,0,0,1,0,0,-1,silver/grey
29573,11536,721.2019653,162.3842468,728.0094604,119.7239761,902.7980347,147.6157684,895.9905396,190.2760315,large vehicle,prime mover,-1,-1,0,-1,-1,0,0,0,1,0,0,-1,white
10947,13910,521.8684692,332.1353149,523.2603149,293.7605591,719.1315308,300.8646851,717.7396851,339.2394409,large vehicle,bus,-1,-1,0,-1,-1,0,0,0,0,0,0,1,white
12168,18130,3668.169678,1341.153931,3699.840332,1370.534302,3631.830322,1443.846069,3600.159668,1414.465698,large vehicle,light truck,-1,-1,0,-1,-1,0,0,0,0,1,0,-1,other
16377,12084,490.6587524,232.2111206,529.1018066,203.4686279,609.3412476,310.7888794,570.8981934,339.5313721,large vehicle,truck,-1,-1,0,-1,-1,0,0,0,1,0,0,-1,white
36500,16998,344.2374268,337.0900269,328.2789001,299.5405273,449.7625732,247.9099579,465.7211304,285.4594727,large vehicle,truck,-1,-1,0,-1,-1,0,0,0,0,0,0,-1,white
23252,10673,695.4605103,132.450943,681.59375,91.53695679,861.5394897,30.54903412,875.40625,71.4630127,large vehicle,prime mover,-1,-1,0,-1,-1,0,0,0,1,0,0,-1,white
26710,17266,2113.675049,2138.113037,2138.198486,2123.011963,2216.324951,2249.886963,2191.801514,2264.988037,large vehicle,bus,-1,-1,0,-1,-1,0,0,0,0,0,0,1,white
32808,14540,1748.831972,415.4200059,1763.197096,427.4681744,1808.609424,384.3728024,1792.390736,370.0076784,large vehicle,truck,-1,-1,0,-1,-1,0,0,0,0,0,0,-1,yellow
16669,17856,1966.384459,1543.708288,1966.384459,1578.984489,1980.942892,1579.544429,1982.062771,1547.067926,large vehicle,light truck,-1,-1,0,-1,-1,0,0,0,0,0,0,-1,white
12909,11174,1036.028573,1580.014934,1018.697746,1605.501445,1028.38262,1611.618207,1047.752367,1585.112236,large vehicle,truck,-1,-1,1,-1,-1,0,0,0,0,0,0,-1,white
13001,17387,278.9302368,3.31921196,293.9107971,46.38826752,155.0697632,94.68078613,140.0892334,51.61172867,large vehicle,truck,-1,-1,0,-1,-1,0,0,0,1,0,0,-1,blue
33825,17932,550.0938721,472.0054932,548.9979248,436.0221863,746.9061279,429.9945068,748.0020752,465.9778442,large vehicle,bus,-1,-1,0,-1,-1,0,0,0,0,0,0,1,white
36040,15850,3634.53516,804.686242,3671.552273,893.527314,3696.040517,880.9984448,3659.592898,796.1438313,large vehicle,light truck,-1,-1,0,-1,-1,0,1,0,0,0,0,-1,white
21893,14919,908.0822754,85.01866913,868.9400635,108.4119949,808.9177246,7.981323242,848.0599365,-15.41200256,large vehicle,truck,-1,-1,0,-1,-1,0,0,0,0,0,0,-1,red
36797,12163,322.0359497,463.0953369,318.7008972,424.8404541,512.9640503,407.9046631,516.2990723,446.1595764,large vehicle,bus,-1,-1,0,-1,-1,0,0,0,0,0,0,1,white
11254,13446,619.633606,308.6920776,622.7076416,263.1958313,772.3664551,273.3078918,769.2923584,318.8041687,large vehicle,truck,-1,-1,0,-1,-1,0,0,0,1,0,0,-1,white
21152,16365,154.2496948,71.51403809,128.6818848,78.09027863,109.7502899,4.485961914,135.3181152,-2.090276718,large vehicle,light truck,-1,-1,0,-1,-1,0,0,0,0,0,0,-1,white
30547,14219,876.8793335,0.905441761,898.414856,-0.762176991,902.1206665,47.09455872,880.585144,48.76217651,large vehicle,minibus,-1,-1,0,-1,-1,0,0,0,0,0,0,0,white
38955,18130,2205.689453,1873.199829,2203.755859,1856.511475,2270.310547,1848.800171,2272.244141,1865.488525,large vehicle,light truck,-1,-1,0,-1,-1,0,1,0,0,0,0,-1,white
25668,15602,868.6387939,109.8804169,835.7130127,95.32376862,877.3612061,1.11958313,910.2869873,15.67622948,large vehicle,truck,-1,-1,0,-1,-1,0,0,0,0,0,0,-1,white
30875,19531,349.5548706,2126.657959,379.0759583,2102.100586,472.4451294,2214.342041,442.9240417,2238.899414,large vehicle,bus,-1,-1,0,-1,-1,0,0,0,0,0,0,0,white
14689,10590,641.4572754,409.9486084,618.7985229,364.9292603,771.5427246,288.0513916,794.2014771,333.0707397,large vehicle,prime mover,-1,-1,0,-1,-1,0,0,0,0,0,0,-1,white
38923,11710,304.6535034,454.6520386,307.5792236,404.3370361,445.3464966,412.3479614,442.4207764,462.6629639,large vehicle,truck,-1,-1,0,-1,-1,0,0,0,1,0,0,-1,white
21260,12170,220.8290863,1919.333008,239.2345886,1900.40686,300.1708984,1959.666992,281.7654114,1978.59314,large vehicle,light truck,-1,-1,0,-1,-1,0,0,0,1,0,0,-1,white
29309,17834,1550.934759,97.64679707,1550.425029,111.4095127,1575.911539,113.9581637,1576.42127,99.6857179,large vehicle,truck,-1,-1,0,-1,-1,1,0,0,0,0,0,-1,white
33482,13981,706.8803711,123.3105392,711.3666382,92.43475342,830.1196289,109.6894684,825.6334229,140.5652466,large vehicle,minibus,-1,-1,0,-1,-1,0,0,0,0,0,0,1,white
14634,19834,545.2251587,19.80254364,586.0231934,20.20359612,584.7748413,147.1974487,543.9768066,146.796402,large vehicle,light truck,-1,-1,0,-1,-1,0,0,0,1,0,0,-1,white
39852,13726,25.17622566,454.2756958,59.57157898,437.2017517,129.8237762,578.7243042,95.42842102,595.7982788,large vehicle,truck,-1,-1,0,-1,-1,0,0,0,0,1,0,-1,white
35854,17834,1354.81824,1078.898437,1370.110146,1114.069822,1384.382592,1109.99198,1372.658797,1071.252484,large vehicle,light truck,-1,-1,1,-1,-1,0,0,0,0,0,0,-1,yellow
22336,19647,420.7484131,32.71897507,447.2727051,-1.379436493,552.2515869,80.28102112,525.7272949,114.3794327,large vehicle,truck,-1,-1,0,-1,-1,0,0,0,0,0,0,-1,other
30704,15249,61.6529833,391.0114635,59.80266265,456.3894599,82.00651047,459.4733276,84.47360467,392.8617841,large vehicle,truck,-1,-1,0,-1,-1,0,0,0,0,0,0,-1,white
13000,18354,569.7806396,33.65761566,600.9254761,35.51211548,595.2193604,131.3423767,564.0745239,129.4878845,large vehicle,minibus,-1,-1,0,-1,-1,0,0,0,0,0,0,1,white
12169,13032,501.7011414,134.2415161,485.0803528,116.9282303,536.2988892,67.75847626,552.9196167,85.07176971,large vehicle,light truck,-1,-1,0,-1,-1,0,0,0,0,0,0,-1,white
30243,17078,332.8268813,255.6837884,336.5542001,216.3910963,474.2529643,230.7332675,470.5256466,270.0259403,large vehicle,truck,-1,-1,0,-1,-1,0,0,0,1,0,0,-1,white
36186,13084,2912.179904,544.9210642,2920.152821,567.7008263,3009.563387,515.3073736,2994.756541,494.2360937,large vehicle,truck,-1,-1,0,-1,-1,0,1,0,0,0,0,-1,white
20286,15020,255.1169739,27.83644867,266.0716553,72.10105133,172.8830261,95.16355133,161.9283447,50.89894867,large vehicle,truck,-1,-1,0,-1,-1,0,0,0,0,0,0,-1,red
10661,17647,276.6941223,406.8597412,267.6839294,369.5317688,385.3058777,341.1402588,394.3160706,378.4682312,large vehicle,light truck,-1,-1,0,-1,-1,0,0,0,0,0,0,-1,white
13598,18875,2816.364207,2128.575867,2843.878441,2125.105624,2848.205287,2228.132615,2820.121559,2227.616399,large vehicle,truck,-1,-1,0,-1,-1,0,1,0,0,0,0,-1,white
18681,12446,1839.829712,1366.428467,1838.329224,1337.667603,1955.170288,1331.571533,1956.670776,1360.332397,large vehicle,truck,-1,-1,0,-1,-1,0,1,0,0,0,0,-1,white
13742,13864,304.8452148,243.2544708,303.0756836,288.8201294,198.1547546,284.7455444,199.9243011,239.1798706,large vehicle,truck,-1,-1,0,-1,-1,0,0,0,0,0,0,-1,white
39856,18829,832.4081421,455.8190308,789.3139038,458.8405762,779.5918579,320.1809692,822.6860962,317.1594238,large vehicle,truck,-1,-1,0,-1,-1,0,0,0,1,0,0,-1,white
39292,14716,264.0,583.0075073,281.9775391,576.2659302,289.0,594.9924927,271.0224609,601.7340698,large vehicle,prime mover,-1,-1,0,-1,-1,0,0,0,1,0,0,-1,white
13560,18420,107.1676301,470.1156069,117.5722543,513.8150289,389.132948,466.9942197,378.7283237,418.0924855,large vehicle,prime mover,-1,-1,0,-1,-1,0,0,0,0,1,1,-1,white
35065,19725,170.1821316,830.7176019,189.4765901,809.3558801,250.8054044,865.8610798,230.1327704,889.9791529,large vehicle,truck,-1,-1,0,-1,-1,0,1,0,0,0,0,-1,other
27144,12670,777.2261963,230.7094116,821.5549316,212.2985535,881.7738037,357.2905884,837.4450073,375.7014465,large vehicle,prime mover,-1,-1,0,-1,-1,0,0,0,1,0,0,-1,white
10784,12565,136.9446716,200.3777771,175.1285095,196.3090057,188.0553284,317.6222229,149.8714905,321.690979,large vehicle,truck,-1,-1,0,-1,-1,0,0,0,0,0,0,-1,white
35314,19725,1117.77063,1439.672729,1102.592041,1418.072388,1176.22937,1366.327271,1191.407959,1387.927612,large vehicle,truck,-1,-1,0,-1,-1,0,1,0,0,0,0,-1,white
39941,19060,202.480484,596.7056274,159.457901,600.6167603,144.519516,436.2943726,187.542099,432.3832397,large vehicle,truck,-1,-1,0,-1,-1,0,0,0,0,1,0,-1,white
16161,10470,131.5825806,485.6455688,95.74060059,499.4264526,58.4174118,402.3544006,94.25939178,388.5735168,large vehicle,light truck,-1,-1,0,-1,-1,0,0,0,1,0,0,-1,white
11099,13305,653.9471436,351.3928223,645.0770264,309.1132813,738.0528564,289.6071777,746.9229736,331.8867188,large vehicle,cement mixer,-1,-1,0,-1,-1,0,0,0,0,0,0,-1,white
17986,19032,2856.548645,2650.863058,2835.157428,2623.667728,2891.342234,2580.487403,2913.359894,2602.671185,large vehicle,truck,-1,-1,0,-1,-1,0,0,0,1,0,0,-1,red
23381,13643,381.9541626,533.5175781,395.5097961,497.5898132,533.0458374,549.4824219,519.4902344,585.4101563,large vehicle,cement mixer,-1,-1,0,-1,-1,0,0,0,0,0,0,-1,white
13851,10609,684.5637817,311.4245605,678.3716431,278.4000549,789.4362183,257.5754395,795.6282959,290.5999451,large vehicle,truck,-1,-1,0,-1,-1,0,0,0,1,0,0,-1,white
36655,14692,764.1240234,397.2547607,762.0244141,356.5088501,873.8759766,350.7452087,875.9755859,391.4911499,large vehicle,light truck,-1,-1,0,-1,-1,0,0,0,0,0,0,-1,white
23360,12599,149.95784,429.4329529,119.7884064,421.4802246,159.04216,272.5670166,189.2115936,280.5197449,large vehicle,tanker,-1,-1,0,-1,-1,0,0,1,0,0,0,-1,white
12584,13124,3466.591759,286.759073,3475.13417,305.5523767,3558.280302,265.6877931,3544.04295,238.9215727,large vehicle,light truck,-1,-1,0,-1,-1,0,0,0,0,1,0,-1,white
16291,18348,598.6229437,1401.15815,599.1836469,1420.22206,664.2252213,1420.22206,667.0287375,1396.672525,large vehicle,light truck,-1,-1,0,-1,-1,0,0,0,0,0,0,-1,white
13510,14827,553.2658691,66.57678223,584.2960205,53.6891861,620.7341309,141.4232178,589.7039795,154.3108215,large vehicle,minibus,-1,-1,0,-1,-1,0,0,0,0,0,0,1,yellow
38025,19970,813.0335693,586.5737915,775.8439941,596.1392212,741.9664307,464.426239,779.1560059,454.8608093,large vehicle,truck,-1,-1,0,-1,-1,0,0,0,1,0,0,-1,white
15162,11060,104.0630035,256.4943848,102.3721466,237.3689728,213.9369812,227.5056305,215.6278381,246.6310272,large vehicle,truck,-1,-1,0,-1,-1,0,0,0,0,0,0,-1,white
25629,10568,403.7649536,216.9806061,396.4606323,181.7294006,501.2350464,160.0193939,508.5393677,195.2705994,large vehicle,light truck,-1,-1,0,-1,-1,0,0,0,1,0,0,-1,white
24025,15443,2135.68269,185.1060847,2144.483961,171.6453162,2201.951088,220.3111715,2191.596651,228.5947213,large vehicle,light truck,-1,-1,0,-1,-1,0,0,0,1,0,0,-1,white
31669,10334,1832.880493,29.91512108,1858.762817,24.71252823,1875.119507,106.0848846,1849.237183,111.2874756,large vehicle,light truck,-1,-1,0,-1,-1,0,0,0,1,0,0,-1,white
11907,17092,405.9568481,338.4176025,429.1318054,307.7992859,516.0431519,373.5823975,492.8681641,404.2007141,large vehicle,truck,-1,-1,0,-1,-1,0,0,0,1,0,0,-1,white
23491,10875,99.26307729,622.9328198,92.11988425,595.0327469,248.0891109,555.1003223,255.2322963,583.0003963,large vehicle,bus,-1,-1,0,-1,-1,0,0,0,0,0,0,1,white
33977,17915,522.7821045,195.3696594,481.4354248,182.8519135,527.2178955,31.63034058,568.5645752,44.14808655,large vehicle,prime mover,-1,-1,0,-1,-1,0,0,0,1,0,0,-1,white
27763,17261,155.918335,52.50324631,160.8835449,9.58953476,281.081665,23.49675369,276.1164551,66.41046143,large vehicle,truck,-1,-1,0,-1,-1,0,0,0,1,0,0,-1,white
11237,19605,16.95103455,417.7849426,20.58181953,384.3816833,111.0489655,394.2150574,107.4181824,427.6183167,large vehicle,minibus,-1,-1,0,-1,-1,0,0,0,0,0,0,1,white
39110,14762,721.0404624,473.2369942,706.4739884,504.4508671,894.7976879,561.6763006,906.2427746,525.2601156,large vehicle,bus,-1,-1,0,-1,-1,0,0,0,0,0,0,1,silver/grey
25803,17717,243.924942,286.3513794,283.9161987,294.4346924,246.0750732,481.6486206,206.0838318,473.5652771,large vehicle,bus,-1,-1,0,-1,-1,0,0,0,0,0,0,1,white
20421,18703,989.7983398,1632.944702,1001.131653,1636.888672,996.2016602,1651.055298,984.8683472,1647.111328,large vehicle,truck,-1,-1,0,-1,-1,0,0,0,0,0,0,-1,white
25161,18909,1951.836859,484.317091,1946.79053,527.4912396,1964.17233,529.7340525,1969.779363,485.9992007,large vehicle,dedicated agricultural vehicle,-1,-1,0,-1,-1,0,0,0,0,0,0,-1,yellow
16095,17065,210.4653625,431.5512695,207.1179352,388.4811401,400.534668,373.448761,403.8820801,416.5188599,large vehicle,bus,-1,-1,0,-1,-1,0,0,0,0,0,0,1,other
13483,13602,65.48466655,439.3035364,65.71085223,475.3028339,-1.287830292,475.7237703,-1.514016444,439.7244728,large vehicle,truck,-1,-1,0,-1,-1,0,0,0,0,0,0,-1,blue
13953,16026,3634.255522,1640.966288,3594.390938,1711.376462,3621.312475,1726.908117,3660.141615,1651.838447,large vehicle,light truck,-1,-1,0,-1,-1,0,1,0,0,0,0,-1,white
24944,15376,376.5012207,449.1976318,359.4644775,406.8997803,461.4987793,365.8023376,478.5355225,408.1001892,large vehicle,light truck,-1,-1,0,-1,-1,0,0,0,1,0,0,-1,white
36528,12095,252.7965088,108.2206955,305.154541,101.403244,330.2034912,293.7792969,277.845459,300.5967407,large vehicle,truck,-1,-1,0,-1,-1,0,0,0,1,0,0,-1,other
28964,15254,746.392334,16.76537132,778.255249,-8.717844009,812.607666,34.23462677,780.744751,59.7178421,large vehicle,bus,-1,-1,0,-1,-1,0,0,0,0,0,0,0,white
27033,16490,1033.693115,43.19229507,1059.594116,48.30091858,1044.306885,125.8077087,1018.405945,120.6990891,large vehicle,light truck,-1,-1,0,-1,-1,0,0,0,0,0,0,-1,yellow
33746,14540,232.0520186,245.7654269,235.1358863,265.5021805,311.6158066,256.8673508,310.9990331,234.0467294,large vehicle,truck,-1,-1,0,-1,-1,0,0,0,0,0,0,-1,white
37337,14329,36.60965729,405.1786499,28.91326141,374.9428101,139.3903503,346.8213501,147.0867462,377.0571899,large vehicle,light truck,-1,-1,0,-1,-1,0,0,0,0,0,0,-1,white
22187,10056,1860.762817,740.5423584,1892.237671,728.7825317,1927.237183,822.4576416,1895.762329,834.2175293,large vehicle,truck,-1,-1,0,-1,-1,0,0,0,0,0,0,-1,white
38315,11485,775.3990479,145.663559,780.2923584,174.0448151,691.6009521,189.336441,686.7076416,160.9551849,large vehicle,light truck,-1,-1,0,-1,-1,0,0,0,1,0,0,-1,white
37750,11287,805.4249878,109.5231934,780.0375977,80.71277618,883.5750122,-10.5231781,908.9624023,18.28723907,large vehicle,prime mover,-1,-1,0,-1,-1,0,0,0,0,0,0,-1,white
31451,18719,1108.039327,1004.54524,1097.862563,1050.001451,1117.537639,1058.142862,1129.749756,1010.651298,large vehicle,light truck,-1,-1,0,-1,-1,0,0,0,1,0,0,-1,silver/grey
14505,12406,1232.458078,555.3378221,1239.188462,582.7770809,1366.54804,535.1466694,1355.158159,508.2251325,large vehicle,truck,-1,-1,0,-1,-1,0,1,0,0,0,0,-1,white
14969,19361,350.6149597,1388.6698,369.6699524,1391.024902,358.3850403,1482.3302,339.3300476,1479.975098,large vehicle,bus,-1,-1,0,-1,-1,0,0,0,0,0,0,1,white
21835,19814,264.9042969,170.4677887,257.991272,125.3948441,420.0957031,100.532196,427.008728,145.6051331,large vehicle,truck,-1,-1,0,-1,-1,0,0,0,1,0,0,-1,white
20132,13734,1725.615053,678.1317002,1725.615053,693.7852,1765.160737,691.3135948,1762.689132,672.3646214,large vehicle,light truck,-1,-1,0,-1,-1,0,0,0,0,0,0,-1,white
24006,11758,678.8607178,360.3287354,714.982666,373.3580933,648.1392822,558.6712646,612.017334,545.6419067,large vehicle,prime mover,-1,-1,0,-1,-1,0,1,0,0,0,0,-1,red
13516,13404,511.0587158,475.725647,554.8675537,456.1097412,614.9412842,590.274353,571.1324463,609.8902588,large vehicle,truck,-1,-1,0,-1,-1,0,1,0,0,0,0,-1,white
36008,19725,3858.440553,268.5155957,3891.458884,262.0953646,3922.642863,466.6255823,3889.624532,471.2114616,large vehicle,truck,-1,-1,0,-1,-1,0,1,0,0,0,0,-1,other
25970,16454,588.8530884,168.8280029,565.8054199,175.5215302,540.1469116,87.17198944,563.1945801,80.47846985,large vehicle,light truck,-1,-1,0,-1,-1,0,0,0,1,0,0,-1,white
39560,12670,78.04389954,177.3865509,71.36349487,134.7062073,186.9561005,116.6134415,193.6365051,159.2937927,large vehicle,truck,-1,-1,0,-1,-1,0,0,0,0,0,0,-1,white
30508,12695,542.0928961,808.0763574,532.2245193,827.8131111,606.8541189,859.8853357,616.7224957,838.915035,large vehicle,crane truck,-1,-1,0,-1,-1,0,0,0,1,0,0,-1,red
29875,19176,526.4739884,404.566474,528.5549133,443.0635838,627.3988439,437.8612717,626.3583815,397.283237,large vehicle,cement mixer,-1,-1,0,-1,-1,0,0,0,0,0,0,-1,yellow
13987,18178,476.6408997,419.6826172,433.9920044,412.8041382,465.3591309,218.3173676,508.0079956,225.1958313,large vehicle,bus,-1,-1,0,-1,-1,0,0,0,0,0,0,1,white
16739,13987,644.1560059,544.5458374,643.8486328,508.5471497,771.8439941,507.4541626,772.1513672,543.4528809,large vehicle,minibus,-1,-1,0,-1,-1,0,0,0,0,0,0,1,white
19780,16026,1081.89209,1783.852905,1106.952515,1792.155396,1082.10791,1867.147095,1057.047485,1858.844604,large vehicle,light truck,-1,-1,0,-1,-1,0,0,0,0,0,0,-1,yellow
23687,12462,640.3095703,429.1954651,640.6942749,378.796936,772.6904297,379.8045349,772.3057251,430.203064,large vehicle,truck,-1,-1,0,-1,-1,0,0,0,1,0,0,-1,white
31021,13587,493.0671387,78.06912994,532.862915,55.80576324,612.9328613,198.9308777,573.137146,221.1942444,large vehicle,prime mover,-1,-1,0,-1,-1,0,1,0,0,0,0,-1,white
29609,12771,1666.605881,1057.500852,1664.288925,1070.939194,1698.116475,1076.036496,1698.116475,1062.134763,large vehicle,light truck,-1,-1,0,-1,-1,0,0,0,0,0,0,-1,white
22590,10780,192.5128164,1566.813584,193.0225466,1581.08603,234.8204236,1586.693062,237.3690746,1569.362235,large vehicle,light truck,-1,-1,1,-1,-1,0,0,0,0,0,0,-1,white
19691,17505,667.7885742,376.1679993,709.8138428,366.1619873,755.2114258,556.8320313,713.1862183,566.8380127,large vehicle,bus,-1,-1,0,-1,-1,0,0,0,0,0,0,1,white
19143,15119,837.7418213,164.3128204,829.0123901,126.9182053,894.2581787,111.6871872,902.9876099,149.0818024,large vehicle,crane truck,-1,-1,0,-1,-1,0,0,0,0,0,0,-1,white
10522,13305,545.6029663,483.8152771,573.9517822,470.7851868,622.3970337,576.1846924,594.0482178,589.2148438,large vehicle,cement mixer,-1,-1,0,-1,-1,0,0,0,0,0,0,-1,white
30812,17995,402.5202026,552.1643066,357.1773987,557.0008545,341.4797974,409.8356934,386.8225708,404.999115,large vehicle,truck,-1,-1,0,-1,-1,0,0,0,0,0,0,-1,black
22384,10362,575.5236589,934.8540763,568.7391499,969.4550725,582.308168,976.2395815,592.4849316,940.2816835,large vehicle,light truck,-1,-1,0,-1,-1,0,0,0,1,0,0,-1,white
17794,13124,1939.130249,2529.921143,1965.517944,2529.114746,1967.869751,2606.078857,1941.482056,2606.885254,large vehicle,truck,-1,-1,0,-1,-1,0,1,0,0,0,0,-1,white
12490,15318,3658.202637,1277.46167,3668.35498,1250.510376,3734.797363,1275.53833,3724.64502,1302.489624,large vehicle,light truck,-1,-1,0,-1,-1,0,0,0,1,0,0,-1,white
39065,13088,485.4984741,281.1114502,442.4527893,277.463501,452.5015259,158.8885345,495.5472107,162.5364838,large vehicle,light truck,-1,-1,0,-1,-1,0,0,0,1,0,0,-1,white
26481,19972,56.8302803,235.0715485,45.46360779,193.3937531,245.1697235,138.9284515,256.5364075,180.6062469,large vehicle,prime mover,-1,-1,0,-1,-1,0,0,0,1,0,0,-1,yellow
21768,14355,819.8843931,425.3757225,844.8554913,546.0693642,878.150289,536.7052023,855.2601156,418.0924855,large vehicle,truck,-1,-1,0,-1,-1,0,0,0,0,0,0,-1,white
38238,11692,2754.078173,415.1585425,2788.218543,418.3534275,2790.78961,518.9621272,2759.155013,519.5259029,large vehicle,truck,-1,-1,0,-1,-1,0,1,0,0,0,0,-1,white
39776,13124,1252.968384,2087.499262,1276.887134,2075.539887,1325.863622,2190.577685,1300.23639,2201.398072,large vehicle,crane truck,-1,-1,0,-1,-1,0,0,0,0,0,0,-1,white
39474,16441,406.5170288,491.4726563,399.6621399,448.8199768,569.4829712,421.5273438,576.3378906,464.1800232,large vehicle,prime mover,-1,-1,0,-1,-1,0,0,0,1,0,0,-1,white
32749,14016,2291.602817,2482.468098,2318.539885,2474.324333,2338.586076,2561.399973,2309.769677,2565.785077,large vehicle,light truck,-1,-1,0,-1,-1,0,0,0,0,0,0,-1,white
23303,12695,1296.009465,79.82153444,1269.132782,124.7704709,1284.888079,134.5016839,1307.594243,87.69918309,large vehicle,truck,-1,-1,0,-1,-1,0,0,0,1,0,0,-1,white
23621,10110,797.6724854,4.259531975,834.5811768,14.85708332,805.3275146,116.7404709,768.4188232,106.1429214,large vehicle,truck,-1,-1,0,-1,-1,0,0,0,1,0,0,-1,white
37427,13124,928.9262686,1400.689437,954.5535009,1383.604615,1028.587728,1499.211907,1004.099483,1514.588247,large vehicle,crane truck,-1,-1,0,-1,-1,0,1,0,0,0,0,-1,white
28624,14255,267.3515015,303.245636,316.5810547,292.4468994,350.6484985,447.754364,301.4189453,458.5531006,large vehicle,prime mover,-1,-1,0,-1,-1,0,0,0,0,0,0,-1,white
19992,19531,896.8526001,1169.812256,913.9700928,1152.989868,972.1473999,1212.187744,955.0299072,1229.010132,large vehicle,minibus,-1,-1,0,-1,-1,0,0,0,0,0,0,1,white
34464,13751,764.0115356,389.3001404,789.4388428,382.2000427,814.9884644,473.6998596,789.5611572,480.7999573,large vehicle,minibus,-1,-1,0,-1,-1,0,0,0,0,0,0,1,yellow
10541,17834,1180.017887,1392.987208,1175.940046,1432.236434,1188.173571,1432.746164,1192.251412,1394.006668,large vehicle,light truck,-1,-1,0,-1,-1,0,0,0,0,0,0,-1,green
38762,14692,773.1675076,500.9020202,773.7526855,464.8167114,891.3874057,462.2193976,892.8831526,498.3046759,large vehicle,light truck,-1,-1,0,-1,-1,0,0,0,0,0,0,-1,white
31448,14255,513.480835,391.4061279,545.6560059,381.7251282,580.519165,497.5938721,548.3439941,507.2748718,large vehicle,truck,-1,-1,0,-1,-1,0,0,0,0,0,0,-1,white
10099,19361,596.1184692,21.53747177,616.5131836,28.65191269,585.8815308,116.4625244,565.4868164,109.3480835,large vehicle,bus,-1,-1,0,-1,-1,0,0,0,0,0,0,1,white
17506,17925,940.4608297,1512.178164,947.2453388,1528.460985,1002.199862,1509.46436,996.093804,1492.503087,large vehicle,bus,-1,-1,0,-1,-1,0,0,0,0,0,0,0,white
20689,19446,748.9472046,382.3887329,798.3099976,372.2164612,814.0527954,448.6112671,764.6900024,458.7835388,large vehicle,dedicated agricultural vehicle,-1,-1,0,-1,-1,0,0,0,0,0,0,-1,yellow
20041,12260,26.03800583,146.461441,25.06037331,124.8835754,120.9619904,120.5385513,121.939621,142.1164246,large vehicle,light truck,-1,-1,0,-1,-1,0,0,0,1,0,0,-1,white
23305,16451,296.069397,557.9915771,287.4364014,518.1154175,481.930603,476.0084229,490.5635986,515.8846436,large vehicle,bus,-1,-1,0,-1,-1,0,0,0,0,0,0,1,white
34937,17751,668.7770996,292.5697632,670.3510742,249.3984375,863.2229004,256.4302368,861.6489258,299.6015625,large vehicle,bus,-1,-1,0,-1,-1,0,0,0,0,0,0,1,other
28397,12070,3582.676025,1940.985962,3597.659668,1908.252319,3741.323975,1974.014038,3726.340332,2006.747681,large vehicle,bus,-1,-1,0,-1,-1,0,0,0,0,0,0,1,white
24786,16441,383.1564941,430.8049622,375.2653503,383.4580688,550.8435059,354.1950378,558.7346191,401.5419312,large vehicle,crane truck,-1,-1,0,-1,-1,0,0,0,0,0,0,-1,white
27970,19660,2018.339844,392.8624878,2043.553589,378.944519,2112.660156,504.1375122,2087.446533,518.055481,large vehicle,bus,-1,-1,0,-1,-1,0,0,0,0,0,0,1,white
26733,19574,511.3493874,243.709481,543.9663236,266.8569842,654.4430431,112.1895769,621.8261069,90.09423295,large vehicle,bus,-1,-1,0,-1,-1,0,0,0,0,0,0,1,blue
39215,19166,305.4822388,132.2061157,268.6538086,121.3329544,299.5177307,16.79387665,336.3461914,27.66703796,large vehicle,light truck,-1,-1,0,-1,-1,0,0,0,1,0,0,-1,white
13072,11361,838.0308228,563.456665,799.9622192,568.4905396,783.9691772,447.543335,822.0377808,442.5094604,large vehicle,truck,-1,-1,0,-1,-1,0,0,0,0,0,0,-1,white
21592,13761,602.4266968,227.4170074,573.6479492,228.52388,570.5733032,148.5829773,599.3520508,147.47612,large vehicle,light truck,-1,-1,1,-1,-1,0,0,0,0,0,0,-1,white
29078,13124,153.2952118,1416.738525,171.4105072,1404.974365,217.7047882,1476.261475,199.5894928,1488.025635,large vehicle,light truck,-1,-1,0,-1,-1,0,0,0,0,0,0,-1,white
20239,16401,288.117981,390.2568665,307.978241,360.2307129,388.882019,413.7431335,369.021759,443.7692871,large vehicle,light truck,-1,-1,0,-1,-1,0,0,0,0,0,0,-1,white
32692,19361,625.7069702,63.15471649,637.3410645,66.09560394,627.2930298,105.8452835,615.6589355,102.9043961,large vehicle,light truck,-1,-1,0,-1,-1,0,0,0,0,0,0,-1,white
26291,16712,743.2896118,132.8670044,776.8027954,130.4533539,785.7103882,254.1329956,752.1972046,256.5466614,large vehicle,truck,-1,-1,0,-1,-1,0,0,0,0,0,0,-1,white
24492,12095,371.7913208,-3.253343105,409.6056519,3.427751064,396.2086792,79.25334167,358.3943481,72.57225037,large vehicle,light truck,-1,-1,0,-1,-1,0,1,0,0,1,0,-1,white
36848,13084,2264.665168,962.9296976,2272.638085,977.1670489,2321.614573,953.8177928,2311.933174,935.5939831,large vehicle,light truck,-1,-1,0,-1,-1,0,0,0,0,1,0,-1,white
19177,15561,374.566474,516.9364162,374.566474,557.5144509,517.1098266,552.3121387,518.150289,516.9364162,large vehicle,cement mixer,-1,-1,0,-1,-1,0,0,0,0,0,0,-1,white
16090,16451,519.5064697,513.8984375,510.7438965,476.5115967,704.4935303,431.101532,713.2561035,468.4884033,large vehicle,bus,-1,-1,0,-1,-1,0,0,0,0,0,0,1,white
10771,14186,2733.826416,1171.149902,2749.538086,1160.11438,2785.173584,1210.850098,2769.461914,1221.88562,large vehicle,light truck,-1,-1,0,-1,-1,0,0,0,1,0,0,-1,white
20738,19361,333.4755859,1293.752563,352.5879211,1295.585327,345.5244141,1369.247437,326.4120789,1367.414673,large vehicle,bus,-1,-1,0,-1,-1,0,0,0,0,0,0,1,white
15530,15392,670.7172241,125.8570175,713.7879639,99.68322754,794.2827759,232.1429901,751.2119751,258.3167725,large vehicle,truck,-1,-1,0,-1,-1,0,0,0,0,0,0,-1,white
20758,13587,156.0693642,153.8150289,164.3930636,183.9884393,283.0057803,166.300578,276.7630058,128.8439306,large vehicle,truck,-1,-1,0,-1,-1,0,0,0,0,0,0,-1,blue
32514,10164,467.3474731,367.2689514,463.4994507,326.6508179,652.6525269,308.7310486,656.5005493,349.3491821,large vehicle,bus,-1,-1,0,-1,-1,0,0,0,0,0,0,1,green
31922,10362,369.2745836,1283.577842,362.4900746,1304.60982,433.0489687,1316.821936,436.4412233,1299.860663,large vehicle,truck,-1,-1,0,-1,-1,0,0,0,1,0,0,-1,white
32564,13305,397.7409058,426.887146,389.9289551,396.6809692,562.2590942,352.1128235,570.0710449,382.3190308,large vehicle,cement mixer,-1,-1,0,-1,-1,0,0,0,0,0,0,-1,white
10604,15402,2499.63385,1291.4505,2505.32879,1322.772673,2625.492035,1305.687851,2621.505577,1274.935173,large vehicle,truck,-1,-1,0,-1,-1,0,1,0,0,0,0,-1,white
15338,16026,3423.025001,1764.701814,3442.698432,1776.091695,3399.727517,1872.387961,3371.252815,1859.444915,large vehicle,truck,-1,-1,0,-1,-1,0,1,0,0,0,0,-1,red
38417,19896,649.1027222,350.4744263,698.7839355,341.9928589,727.8972778,512.5255737,678.2160645,521.0071411,large vehicle,prime mover,-1,-1,0,-1,-1,1,0,0,1,0,0,-1,white
34834,11045,634.8653564,504.4857788,613.3500366,461.5778503,733.1346436,401.5142212,754.6499634,444.4221191,large vehicle,truck,-1,-1,0,-1,-1,0,0,0,1,0,0,-1,white
27357,13124,1990.090942,2537.786377,2021.231445,2525.167725,2056.908936,2613.213623,2025.768555,2625.832275,large vehicle,truck,-1,-1,0,-1,-1,0,0,0,1,0,0,-1,white
29760,10493,2313.828355,2261.64611,2357.679397,2348.209206,2391.279546,2337.388819,2342.872551,2249.686735,large vehicle,truck,-1,-1,0,-1,-1,0,0,0,0,0,0,-1,white
14984,12494,380.8092486,78.9017341,392.2543353,116.3583815,535.8381503,69.53757225,523.3526012,34.16184971,large vehicle,truck,-1,-1,0,-1,-1,0,0,0,1,0,0,-1,white
27624,11501,295.1904297,56.29201508,293.8676147,10.71120453,431.8095703,6.707983494,433.1323547,52.28879547,large vehicle,truck,-1,-1,0,-1,-1,0,0,0,1,0,0,-1,blue
25555,12400,223.4325256,585.7537842,182.1669006,556.8175049,297.5674744,392.2462158,338.8331299,421.1824951,large vehicle,truck,-1,-1,0,-1,-1,0,0,0,1,0,0,-1,white
34408,14255,146.4167175,385.5334167,197.803772,373.4003601,231.5832825,516.4665527,180.196228,528.5996094,large vehicle,truck,-1,-1,0,-1,-1,0,1,0,0,0,0,-1,white
11002,14692,771.5007324,340.6225891,770.5460815,309.4371948,870.4992676,306.3774109,871.4539185,337.5628052,large vehicle,light truck,-1,-1,0,-1,-1,0,0,0,0,0,0,-1,white
20866,10334,772.953138,2472.027597,759.8547749,2505.058252,894.2553709,2555.173728,905.6452519,2527.26852,large vehicle,bus,-1,-1,0,-1,-1,1,0,0,0,0,0,0,white
17938,10797,88.99220276,396.1708374,40.99344635,395.8255005,42.00780869,254.8291473,90.00656128,255.174469,large vehicle,truck,-1,-1,0,-1,-1,0,0,0,1,0,0,-1,white
34318,12170,1160.550648,2345.888798,1174.788,2319.692072,1261.351095,2360.12615,1245.974756,2388.600852,large vehicle,truck,-1,-1,0,-1,-1,0,0,0,1,0,0,-1,red
29722,10334,2052.056075,923.6835527,2061.939856,973.102458,2080.766105,968.8665518,2070.882324,921.3302715,large vehicle,dedicated agricultural vehicle,-1,-1,0,-1,-1,0,0,0,0,0,0,-1,red
28145,13165,411.2988892,579.3075562,376.0358276,599.8295898,235.7010956,358.6923828,270.9641724,338.1703186,large vehicle,prime mover,-1,-1,0,-1,-1,0,1,0,0,0,0,-1,white
18767,12462,671.5823364,480.7914124,668.7286987,440.0913391,795.4176636,431.2085876,798.2713623,471.9086609,large vehicle,light truck,-1,-1,0,-1,-1,0,0,0,0,0,0,-1,white
20017,13236,336.0298462,45.97426987,363.6507568,31.46476173,405.9701538,112.0257263,378.3492432,126.5352325,large vehicle,minibus,-1,-1,0,-1,-1,0,0,0,0,0,0,1,white
24452,10834,577.5038452,407.2180481,576.5583496,368.8296814,781.4961548,363.7819519,782.4416504,402.1703186,large vehicle,bus,-1,-1,0,-1,-1,0,0,0,0,0,0,1,white
34919,16454,155.0551453,251.4370117,135.8810883,252.4346466,130.9448395,157.5629883,150.1189117,156.5653381,large vehicle,truck,-1,-1,0,-1,-1,0,0,0,1,0,0,-1,red
35434,10362,1964.133936,666.3862259,1928.311729,720.1195376,1940.252464,730.5676816,1980.552448,678.3269618,large vehicle,truck,-1,-1,0,-1,-1,0,1,0,0,0,0,-1,white
18676,19896,725.7342529,506.5254517,779.6345215,494.6172791,799.2657471,583.4745483,745.3655396,595.3826904,large vehicle,truck,-1,-1,0,-1,-1,1,0,0,1,0,0,-1,white
17654,12446,3304.587322,2274.627027,3337.788825,2284.650122,3302.081548,2388.639736,3267.627158,2377.990197,large vehicle,crane truck,-1,-1,0,-1,-1,0,0,0,0,0,0,-1,white
28371,13375,607.9939575,398.0613403,563.6364746,387.4891052,610.0059814,192.9386902,654.3635254,203.5109406,large vehicle,bus,-1,-1,0,-1,-1,0,0,0,0,0,0,1,white
20277,19970,771.9517822,205.2035065,815.9481201,180.6173096,892.0482178,316.7965088,848.0518799,341.3826904,large vehicle,truck,-1,-1,0,-1,-1,0,0,0,0,0,0,-1,black
25666,10098,208.4865723,-4.599861145,252.0266418,8.950874329,190.5134277,206.5998535,146.9733582,193.049118,large vehicle,bus,-1,-1,0,-1,-1,0,0,0,0,0,0,1,green
28659,14540,1541.232761,464.0760711,1551.427365,479.3679773,1602.400386,444.613645,1592.205781,430.7119121,large vehicle,truck,-1,-1,0,-1,-1,0,0,0,0,0,0,-1,white
26399,10780,144.864914,1273.214538,142.1841391,1282.022798,164.7792422,1292.36293,167.0770493,1283.55467,large vehicle,light truck,-1,-1,0,-1,-1,1,0,0,0,0,0,-1,white
32944,15318,3662.544189,1168.12439,3665.026123,1149.085449,3732.455811,1157.87561,3729.973877,1176.914551,large vehicle,light truck,-1,-1,0,-1,-1,0,0,0,1,0,0,-1,white
35906,12193,3196.620177,1284.240545,3193.174738,1311.804057,3288.957942,1321.451286,3292.403381,1293.198686,large vehicle,truck,-1,-1,0,-1,-1,0,1,0,0,0,0,-1,red
34849,10056,533.8643799,1001.974365,535.204895,970.8031616,610.1356201,974.0256348,608.795105,1005.196838,large vehicle,light truck,-1,-1,0,-1,-1,0,0,0,1,0,0,-1,white
38344,15443,3820.119544,1701.287391,3757.475198,1775.321617,3778.701795,1794.477326,3842.381584,1717.336769,large vehicle,truck,-1,-1,0,-1,-1,0,1,0,0,0,0,-1,white
20345,13748,1208.791689,401.4275215,1171.168503,470.5061591,1186.587841,480.9913095,1225.444575,412.5294454,large vehicle,tanker,-1,-1,0,-1,-1,0,0,0,0,0,0,-1,white
15552,15873,514.3053589,1290.562988,534.503418,1303.526001,496.6946411,1362.437012,476.4966125,1349.473999,large vehicle,light truck,-1,-1,0,-1,-1,0,0,0,0,1,0,-1,white
30721,17856,1210.743353,836.8491959,1211.303293,853.647387,1272.89666,853.0874473,1274.576479,835.1693768,large vehicle,truck,-1,-1,0,-1,-1,0,0,0,0,0,0,-1,green
39632,18569,703.7033081,249.4461823,737.2210083,251.7962646,730.2966919,350.553833,696.7789917,348.2037354,large vehicle,minibus,-1,-1,0,-1,-1,0,0,0,0,0,0,1,white
10365,11772,1547.66612,890.0297075,1526.769832,975.853747,1545.427232,983.316707,1570.801296,894.5074835,large vehicle,crane truck,-1,-1,0,-1,-1,0,0,0,0,0,0,-1,white
10376,13124,745.6551514,1709.883911,749.0093384,1683.697876,830.3448486,1694.116089,826.9906616,1720.302124,large vehicle,light truck,-1,-1,0,-1,-1,0,0,0,0,1,0,-1,white
27452,18113,36.52315521,503.1216736,67.98351288,477.1430969,135.4768372,558.8783569,104.0164871,584.8569336,large vehicle,light truck,-1,-1,0,-1,-1,0,1,0,0,0,0,-1,white
25753,19531,66.07539368,1733.028198,95.01093292,1721.358765,127.9246063,1802.971802,98.98906708,1814.641235,large vehicle,light truck,-1,-1,0,-1,-1,0,1,0,0,0,0,-1,white
34038,12617,180.2864532,152.7938385,158.0708923,115.7437515,280.713562,42.20613861,302.9291077,79.25622559,large vehicle,truck,-1,-1,0,-1,-1,0,0,0,1,0,0,-1,white
30288,12771,8.840865608,278.4415297,6.987301219,296.9771736,52.86301985,303.9280401,56.57014863,289.099525,large vehicle,light truck,-1,-1,0,-1,-1,0,0,0,0,1,0,-1,white
28883,14775,661.7708039,258.2676586,630.4291737,266.4171696,605.6376668,189.2996267,638.0197594,180.1096532,large vehicle,light truck,-1,-1,0,-1,-1,0,0,0,0,0,0,-1,black
17814,19032,3327.716309,2100.099609,3356.056641,2105.225586,3341.283691,2186.900391,3312.943359,2181.774414,large vehicle,light truck,-1,-1,0,-1,-1,0,0,0,0,1,0,-1,white
20610,10780,141.4182034,1257.129888,137.9714927,1266.321117,164.0133065,1277.810152,166.3111136,1267.852988,large vehicle,light truck,-1,-1,0,-1,-1,1,0,0,0,0,0,-1,white
13404,13713,469.7492065,261.5972595,422.1898193,255.108429,441.2507935,115.4027405,488.8101807,121.8915787,large vehicle,light truck,-1,-1,0,-1,-1,0,0,0,0,0,0,-1,other
22211,11418,331.9407043,153.9194336,365.6369019,141.2479553,405.0592651,246.0805664,371.3630981,258.7520447,large vehicle,light truck,-1,-1,0,-1,-1,0,0,0,1,0,0,-1,white
16338,14862,515.40625,12.33498478,546.6044312,12.67044735,545.59375,106.6650162,514.3955688,106.3295517,large vehicle,minibus,-1,-1,0,-1,-1,0,0,0,0,0,0,1,white
39055,13587,167.8662567,274.9852905,161.6773071,244.4052887,287.133728,219.0147095,293.3226929,249.5947113,large vehicle,truck,-1,-1,0,-1,-1,0,0,0,0,0,0,-1,white
28940,19599,656.5743789,627.9052002,650.0869357,585.1950632,769.7148027,567.024314,776.2022635,609.7343925,large vehicle,light truck,-1,-1,0,-1,-1,0,0,0,0,0,0,-1,white
17688,11772,693.8568345,974.0965796,694.8762949,987.349565,733.6157906,985.8203744,733.6157906,970.5284681,large vehicle,light truck,-1,-1,1,-1,-1,0,0,0,0,0,0,-1,white
18144,17266,3441.390625,230.5306702,3465.104248,214.187439,3515.609375,287.4693298,3491.895752,303.812561,large vehicle,light truck,-1,-1,0,-1,-1,0,1,0,0,0,0,-1,white
13199,19775,247.6300578,538.7861272,243.4682081,606.416185,288.2080925,602.2543353,292.3699422,539.8265896,large vehicle,truck,-1,-1,0,-1,-1,0,0,0,1,0,0,-1,silver/grey
16754,15270,397.8246132,411.093588,390.2580248,378.3566662,495.483888,354.0355043,503.0504764,386.7724261,large vehicle,light truck,-1,-1,0,-1,-1,0,1,0,0,0,0,-1,white
31504,16451,51.0197525,608.5366821,43.61815643,570.8568115,233.9802551,533.4633179,241.3818512,571.1432495,large vehicle,bus,-1,-1,0,-1,-1,0,0,0,0,0,0,0,white
34730,10493,554.3901367,266.3958435,573.3383179,244.7069702,639.6098633,302.6041565,620.6616821,324.2930298,large vehicle,light truck,-1,-1,0,-1,-1,0,1,0,0,0,0,-1,white
11850,12598,665.7209695,411.1851579,667.1276351,441.0406872,628.7241172,442.0980791,629.3983765,411.2020874,large vehicle,light truck,-1,-1,0,-1,-1,0,0,0,0,0,0,-1,white
36031,11049,377.4276123,237.03125,324.3515015,252.1958618,254.5723572,7.968765259,307.6484985,-7.195840836,large vehicle,truck,-1,-1,0,-1,-1,0,0,0,0,0,0,-1,blue
21395,15443,1359.510767,2318.499804,1367.483684,2346.974506,1499.03681,2299.137006,1485.368952,2268.953821,large vehicle,truck,-1,-1,0,-1,-1,0,1,0,0,0,0,-1,white
10300,17090,409.5248413,163.7389832,442.6486816,139.9177551,528.4751587,259.2610168,495.3513184,283.0822449,large vehicle,truck,-1,-1,0,-1,-1,0,0,0,0,0,0,-1,white
27547,14385,607.8206787,420.8731689,594.9393311,387.2566528,676.1793213,356.1268005,689.0606689,389.7433472,large vehicle,light truck,-1,-1,0,-1,-1,0,0,0,1,0,0,-1,white
14979,17309,1164.699159,1612.655311,1172.100442,1628.691424,1225.142967,1602.786935,1217.124911,1586.134049,large vehicle,light truck,-1,-1,0,-1,-1,0,0,0,0,0,0,-1,white
39118,18746,615.9865723,8.919719696,650.0751953,-2.654643059,688.0134277,109.0802841,653.9248047,120.6546478,large vehicle,cement mixer,-1,-1,0,-1,-1,0,0,0,0,0,0,-1,white
36169,10780,1681.786153,794.876686,1686.271778,808.3335634,1722.156785,804.9693441,1722.156785,791.5124666,large vehicle,light truck,-1,-1,1,-1,-1,0,0,0,0,0,0,-1,white
13344,10334,1013.325073,2601.946289,1028.255127,2571.845459,1153.674927,2634.053711,1138.744873,2664.154541,large vehicle,bus,-1,-1,0,-1,-1,1,0,0,0,0,0,1,white
24663,10325,450.7463074,425.0233459,449.3519897,389.050354,580.2536621,383.9766541,581.6480103,419.949646,large vehicle,truck,-1,-1,0,-1,-1,0,0,0,0,0,0,-1,red
20037,10056,1424.144287,1114.109497,1449.36145,1106.295654,1471.855713,1178.890503,1446.63855,1186.704346,large vehicle,light truck,-1,-1,0,-1,-1,0,0,0,0,0,0,-1,white
21174,16888,138.5304884,291.0498518,136.4838146,247.5202249,265.1862899,234.0310731,269.3139038,279.6416248,large vehicle,truck,-1,-1,0,-1,-1,0,0,0,0,0,0,-1,white
25599,10493,1810.081787,1258.770386,1827.96228,1265.765015,1803.918213,1327.229614,1786.03772,1320.234985,large vehicle,light truck,-1,-1,0,-1,-1,0,0,0,0,1,0,-1,white
38087,10334,880.8640137,1277.086426,886.2614136,1256.171631,951.1359863,1272.913574,945.7385864,1293.828369,large vehicle,light truck,-1,-1,0,-1,-1,0,0,0,1,0,0,-1,white
33232,17980,884.3564453,549.453064,846.0029297,551.3413086,837.6434937,381.546936,875.9970703,379.6587219,large vehicle,bus,-1,-1,0,-1,-1,0,0,0,0,0,0,1,white
12653,10479,324.5869446,286.3718872,336.8764343,237.4931793,512.4130859,281.6281128,500.1235352,330.5068359,large vehicle,prime mover,-1,-1,0,-1,-1,0,0,0,1,0,0,-1,blue
25267,10881,1588.456477,496.0516965,1599.990142,510.9776165,1642.732549,479.0904239,1634.591138,464.164504,large vehicle,light truck,-1,-1,0,-1,-1,0,0,0,0,1,0,-1,white
23885,13748,752.1304321,1000.352579,683.668568,1102.736989,704.0220952,1117.539554,774.9510535,1013.921598,large vehicle,tanker,-1,-1,0,-1,-1,0,0,0,0,0,0,-1,white
10520,13713,547.4156494,384.4199829,525.9555054,338.8171387,681.5843506,265.5800476,703.0444946,311.1829224,large vehicle,truck,-1,-1,0,-1,-1,0,0,0,1,0,0,-1,other
37020,15724,592.7670898,421.5253601,589.2137451,440.3936768,531.2329102,429.4746399,534.7862549,410.6063232,large vehicle,light truck,-1,-1,0,-1,-1,0,0,0,0,0,0,-1,silver/grey
20188,10680,444.2774566,245.3757225,436.9942197,281.7919075,614.9132948,310.9248555,622.1965318,266.1849711,large vehicle,crane truck,-1,-1,0,-1,-1,0,1,0,0,0,0,-1,white
35014,17053,460.18396,239.1445618,445.2857666,193.5151367,569.81604,152.8554382,584.7142334,198.484848,large vehicle,truck,-1,-1,0,-1,-1,0,0,0,0,0,0,-1,blue
14797,10875,272.0498047,589.4517822,262.3825989,544.8883057,452.9501648,503.5482483,462.6173706,548.1117554,large vehicle,bus,-1,-1,0,-1,-1,0,0,0,0,0,0,1,white
36825,10334,2196.362519,2406.865291,2223.043998,2405.197699,2226.379183,2493.5801,2198.863907,2495.247693,large vehicle,truck,-1,-1,0,-1,-1,0,0,0,0,1,0,-1,yellow
28625,16454,700.2266846,394.9170837,655.8388672,405.3612671,623.7733154,269.0828857,668.1611328,258.6386719,large vehicle,truck,-1,-1,0,-1,-1,0,0,0,1,0,0,-1,silver/grey
20824,12221,677.1049805,450.1572571,663.3152466,394.2322693,810.8950195,357.8427429,824.6847534,413.7677002,large vehicle,light truck,-1,-1,0,-1,-1,0,0,0,1,0,0,-1,blue
34326,17711,719.2010498,974.9976196,747.9110107,957.5419922,824.7989502,1084.002441,796.0889893,1101.458008,large vehicle,bus,-1,-1,0,-1,-1,0,0,0,0,0,0,0,white
35027,12032,278.4716187,366.331543,243.4623718,357.9439087,266.5283813,261.668457,301.5376282,270.0560913,large vehicle,minibus,-1,-1,0,-1,-1,0,0,0,0,0,0,1,white
29129,17266,2318.421143,2499.385498,2337.184326,2480.813965,2376.578857,2520.614502,2357.815674,2539.186035,large vehicle,light truck,-1,-1,0,-1,-1,0,1,0,0,0,0,-1,white
31332,14692,733.6122059,446.8596047,734.6238442,401.1237876,874.2664068,400.6953086,875.3356934,447.4715576,large vehicle,truck,-1,-1,0,-1,-1,0,0,0,0,1,0,-1,white
21245,16490,1076.361206,858.7142334,1070.904541,827.9951172,1215.638794,802.2857666,1221.095459,833.0048828,large vehicle,prime mover,-1,-1,0,-1,-1,0,0,0,1,0,0,-1,yellow
19631,18236,779.7121582,248.6984863,741.3143311,248.2910614,743.2878418,62.30152893,781.6856689,62.70895386,large vehicle,truck,-1,-1,0,-1,-1,0,1,0,0,0,0,-1,white
23851,18860,800.0188599,29.8693161,798.2017212,3.531925201,890.9811401,-2.869317532,892.7982788,23.46807289,large vehicle,prime mover,-1,-1,0,-1,-1,0,0,0,1,0,1,-1,white
12820,19970,793.3553467,115.1323471,765.3276367,121.7570724,738.6446533,8.867652893,766.6723633,2.242924213,large vehicle,truck,-1,-1,0,-1,-1,0,0,0,0,0,0,-1,white
14827,14335,753.1436785,372.2103776,791.5822736,374.3564608,790.5326221,484.3445357,751.0535645,483.2389454,large vehicle,prime mover,-1,-1,0,-1,-1,0,0,0,1,0,0,-1,other
16339,12565,299.9342041,454.8102417,346.7921448,444.401825,376.0657959,576.1897583,329.2078552,586.5981445,large vehicle,truck,-1,-1,0,-1,-1,0,1,0,0,0,0,-1,white
26925,12824,586.52026,443.918297,590.3257024,408.1199804,740.47974,424.081703,736.6742976,459.8800196,large vehicle,truck,-1,-1,0,-1,-1,0,0,0,1,0,0,-1,white
25913,13643,632.6868286,422.4053345,623.9642334,389.9572754,811.3131104,339.5946655,820.0357666,372.0427246,large vehicle,cement mixer,-1,-1,0,-1,-1,0,0,0,0,0,0,-1,white
14246,14628,1975.151416,412.7563111,1974.64238,431.5906465,2021.4737,434.135827,2019.946592,414.2834194,large vehicle,light truck,-1,-1,0,-1,-1,0,0,0,1,0,0,-1,white
38469,15268,317.3410405,216.2427746,355.8381503,188.150289,458.8439306,334.8554913,426.5895954,360.867052,large vehicle,truck,-1,-1,0,-1,-1,0,0,0,0,0,0,-1,red
26452,11772,539.4085817,933.8278932,539.9183119,950.1392599,599.5567462,945.551688,598.0275555,929.2403214,large vehicle,light truck,-1,-1,0,-1,-1,0,0,0,0,1,0,-1,white
17754,10334,2164.678261,694.2478145,2191.359741,686.7436483,2210.537055,769.2894761,2182.187982,776.7936422,large vehicle,light truck,-1,-1,0,-1,-1,0,0,0,0,0,0,-1,white
11321,19557,767.2982178,402.9427795,758.3686523,363.1319275,865.7017822,339.0572205,874.6313477,378.8680725,large vehicle,light truck,-1,-1,0,-1,-1,0,0,0,0,0,0,-1,white
29798,14255,218.4967957,414.8246155,269.413208,400.8475342,311.5032043,554.175415,260.586792,568.1524658,large vehicle,prime mover,-1,-1,0,-1,-1,0,1,0,0,0,0,-1,white
39458,16833,1349.09641,15.86074153,1310.940309,73.94913472,1332.581083,85.90850979,1367.889714,28.38961065,large vehicle,light truck,-1,-1,0,-1,-1,0,0,0,0,1,0,-1,white
25946,15249,849.2608248,146.2498972,849.2608248,163.6316973,889.6314572,168.1173231,891.8742701,150.735523,large vehicle,light truck,-1,-1,0,-1,-1,0,0,0,0,0,0,-1,white
35001,10493,2496.066451,2271.327509,2509.164814,2296.385247,2542.764963,2278.161438,2527.388624,2252.534205,large vehicle,truck,-1,-1,0,-1,-1,0,0,0,0,0,0,-1,other
26813,17053,292.5133822,197.0502914,328.0107138,186.1205814,371.2033808,335.4757202,335.7060187,348.4863398,large vehicle,truck,-1,-1,0,-1,-1,0,0,0,1,0,0,-1,white
11208,16888,-6.610068321,313.5845182,10.70346165,300.6693265,37.61006927,336.7391813,20.29653931,349.6543729,large vehicle,bus,-1,-1,0,-1,-1,0,0,0,0,0,0,1,white
14328,16389,1306.670832,452.9489131,1291.378926,485.0619162,1306.161102,492.7078693,1324.511389,457.536485,large vehicle,light truck,-1,-1,0,-1,-1,0,0,0,0,0,0,-1,silver/grey
39161,14540,14.93109893,1078.374169,14.3703957,1090.70964,45.76977646,1094.073859,46.89118291,1081.738388,large vehicle,light truck,-1,-1,1,-1,-1,0,0,0,0,0,0,-1,green
21958,10378,28.4091301,414.1017456,33.80140686,373.659668,170.5908661,391.8982544,165.1985931,432.340332,large vehicle,truck,-1,-1,0,-1,-1,0,0,0,1,0,0,-1,white
37164,12462,658.0905151,368.363739,660.0532227,330.0139465,769.9094238,335.636261,767.9467773,373.986084,large vehicle,light truck,-1,-1,0,-1,-1,0,1,0,0,0,0,-1,white
31250,13124,2176.898193,1151.166504,2158.425293,1129.071411,2222.101807,1075.833496,2240.574707,1097.928589,large vehicle,light truck,-1,-1,0,-1,-1,0,0,0,0,0,0,-1,white
20598,14540,1826.218286,149.8969071,1805.365686,187.431586,1817.877246,193.4556703,1839.193236,156.8477736,large vehicle,truck,-1,-1,0,-1,-1,0,0,0,1,0,0,-1,white
